Name,Gender,Grade
Sofia,Female,94
Violet,Female,96
Mila,Male,81
Parker,Female,90
Parker,Female,97
John,Female,77
Victor,Male,98
Kevin,Female,75
Mia,Female,61
Gavin,Female,75
Nolan,Female,82
Nora,Female,77
Una,Female,82
Luna,Female,73
Zane,Female,62
John,Female,71
Uma,Female,69
Rory,Female,100
Violet,Female,64
Mila,Male,70
Xander,Male,66
Daniel,Female,68
Taylor,Male,68
Taylor,Male,68
Olivia,Male,97
Nora,Female,78
Gemma,Male,62
Nolan,Male,65
John,Female,89
Fiona,Male,97
Gemma,Male,96
Felix,Male,89
Xavier,Male,87
Jasmine,Female,77
Diana,Male,71
Chloe,Female,68
Ian,Male,84
Alice,Male,63
Alice,Male,71
Kevin,Male,75
Bella,Male,63
Frank,Female,96
Matthew,Female,99
Rachel,Female,81
Emily,Male,89
Quincy,Female,63
Gavin,Male,71
Felix,Female,75
Bob,Female,86
Nolan,Female,75
Penny,Male,93
Fiona,Female,71
Jasmine,Male,65
Liam,Female,90
Una,Male,64
Alice,Male,92
Olivia,Male,97
Bella,Male,89
Mia,Male,87
Quincy,Male,99
Quinn,Male,87
Grace,Male,89
Quinn,Male,68
Violet,Male,71
David,Female,93
Alex,Male,74
Peter,Female,98
Uma,Female,71
Gavin,Male,70
Xavier,Female,85
Nathan,Male,92
Willow,Male,100
Xander,Female,66
Rory,Male,90
Penny,Female,82
Jasmine,Female,71
Mila,Female,95
Rory,Female,80
Alice,Male,64
Yara,Male,64
Kevin,Male,89
Ian,Female,87
Willow,Male,79
David,Female,100
Quincy,Female,86
Victor,Female,86
Alice,Female,69
Kate,Female,91
Riley,Female,90
Gavin,Male,77
Xavier,Male,67
Hazel,Male,95
Charlie,Female,69
Kylie,Female,88
Jasmine,Male,67
Parker,Male,63
Una,Male,67
Uma,Female,68
Yara,Male,97
Benjamin,Male,65
Olivia,Female,93
Penny,Female,88
Gavin,Male,98
Nolan,Male,68
Kevin,Female,61
Kate,Female,62
Riley,Female,76
Liam,Female,62
Charlie,Male,71
Zara,Male,91
Gemma,Male,70
Caleb,Male,80
Alice,Male,96
Matthew,Female,74
Taylor,Female,67
Una,Male,89
Quincy,Female,65
Ethan,Male,74
Ivy,Male,75
Ella,Male,92
Yvonne,Male,83
Charlie,Female,87
David,Male,66
Nathan,Male,69
Oscar,Male,61
Taylor,Female,71
Abigail,Male,83
Olive,Female,66
Alex,Female,100
Parker,Male,96
Jack,Female,72
Olivia,Female,95
Emily,Male,65
Parker,Male,72
Liam,Female,78
Ethan,Male,60
Quinn,Female,61
Yvonne,Male,80
Daniel,Male,73
Victor,Male,86
Zane,Female,81
Ivy,Female,74
Jack,Female,73
Hannah,Male,100
Gemma,Female,63
Felix,Male,77
Nathan,Male,65
Ethan,Female,86
Yvonne,Male,87
Penny,Female,73
Samuel,Male,77
Oscar,Female,82
Caleb,Male,91
Liam,Male,85
Matthew,Female,88
Bob,Female,73
Sofia,Male,67
Yvonne,Female,86
Parker,Male,77
David,Male,64
Jasmine,Male,90
Jack,Male,88
Rory,Male,68
Riley,Female,87
Gemma,Female,66
Liam,Female,67
Kate,Male,86
Caleb,Female,71
Luna,Female,97
Chloe,Female,89
Charlie,Male,80
Benjamin,Female,89
Xavier,Female,88
Bella,Female,83
Zara,Male,69
Una,Female,60
Uma,Male,98
Bella,Male,79
Daniel,Female,67
Parker,Male,98
Jasmine,Female,63
Nora,Male,90
John,Female,97
Penny,Female,65
Xavier,Male,76
David,Female,86
Una,Male,91
Yara,Female,66
David,Male,85
Felix,Male,71
John,Male,77
Kate,Male,91
Benjamin,Male,91
Toby,Female,80
Nora,Female,86
Jack,Male,99
Sofia,Female,70
Ian,Female,98
Ian,Male,64
Hannah,Male,99
Frank,Male,75
Kevin,Male,73
Alice,Female,95
Ian,Female,98
Rory,Male,71
Bella,Female,99
Kylie,Female,71
Isabel,Male,96
Jack,Female,78
Bob,Female,71
Jasmine,Male,94
Oscar,Female,76
Kevin,Female,88
Willow,Female,69
Zane,Male,97
Parker,Male,68
Jasmine,Female,77
Ella,Male,88
Daniel,Female,85
Hannah,Male,90
Samuel,Female,97
Rachel,Male,90
Charlie,Female,78
Rory,Female,72
Mia,Male,61
Sofia,Female,87
Olive,Female,70
Nora,Male,63
Nora,Male,76
Wendy,Female,87
Ella,Female,66
Rachel,Female,60
Samuel,Male,67
Riley,Male,85
Xander,Female,63
Penny,Female,96
Una,Female,81
Victor,Female,68
Chloe,Male,98
Gavin,Female,93
Alice,Female,96
Leo,Male,64
Quinn,Male,87
Kevin,Male,73
Yvonne,Male,73
Leo,Female,68
Parker,Female,66
Zara,Male,90
Isabel,Male,72
Ethan,Female,94
Gemma,Female,63
Taylor,Female,100
Nathan,Male,76
Gavin,Male,65
Diana,Male,100
Mila,Female,89
Kevin,Female,82
Zane,Female,97
Gemma,Male,83
Quincy,Male,96
Olivia,Female,94
Chloe,Female,66
Uma,Male,66
Quinn,Male,84
Wendy,Male,72
Henry,Female,77
Jack,Female,91
Nathan,Male,97
Frank,Female,60
Alice,Male,70
Isabel,Female,64
Bella,Female,91
Liam,Female,70
Emily,Male,89
Nora,Female,93
Toby,Male,73
Abigail,Female,79
Alex,Male,72
Xander,Male,76
Zara,Male,97
Samuel,Male,74
Ian,Male,96
Zara,Female,64
Ella,Female,60
Bella,Male,97
Gavin,Male,71
Riley,Male,65
Diana,Female,100
Samuel,Male,76
Toby,Female,76
Nolan,Male,70
Bella,Female,65
Willow,Male,83
Hazel,Female,63
Abigail,Female,98
Jasmine,Male,78
Gavin,Male,90
Xander,Male,76
Sofia,Male,91
Nathan,Female,81
Matthew,Female,93
Nora,Female,70
Isabel,Female,91
Nathan,Female,79
Henry,Female,62
Wendy,Male,79
Isabel,Female,91
Grace,Female,79
Olive,Female,99
Ivy,Male,99
Quinn,Female,93
Ethan,Male,90
Xavier,Female,99
Yvonne,Female,72
Emily,Male,76
Xander,Female,76
Ella,Female,66
Caleb,Male,64
Zane,Male,80
Uma,Female,90
Fiona,Female,72
Xavier,Male,93
Benjamin,Male,86
Daniel,Male,78
Hannah,Male,66
Bella,Female,62
Zara,Female,86
Henry,Male,85
John,Female,73
Caleb,Male,87
Alice,Male,97
Kevin,Female,81
Uma,Male,65
David,Male,85
Quincy,Female,72
Nolan,Female,66
Uma,Male,69
Kevin,Female,70
Quinn,Female,68
Violet,Female,86
Kate,Female,76
Riley,Female,91
Leo,Female,90
Felix,Male,97
Uma,Female,98
John,Male,66
Ivy,Male,66
Jasmine,Male,61
Samuel,Female,61
Riley,Female,81
David,Male,60
Mia,Male,82
Gavin,Male,96
Bob,Male,86
Alice,Female,80
Nora,Male,80
Yvonne,Female,99
Gavin,Male,94
Kevin,Female,90
Rory,Female,87
Grace,Male,96
David,Male,69
Oscar,Male,68
Ivy,Male,80
Hannah,Female,83
Chloe,Female,99
Quinn,Female,73
Abigail,Female,69
Zara,Female,87
Bella,Male,86
Rory,Female,97
Hannah,Male,94
Henry,Female,66
Henry,Female,97
Parker,Male,66
Parker,Female,81
Alice,Female,63
Frank,Male,71
Ella,Female,71
Henry,Male,89
Victor,Female,74
Isabel,Male,79
Riley,Female,86
Una,Female,76
Alice,Male,95
Zara,Male,77
Matthew,Female,76
Abigail,Female,70
Gemma,Female,69
Sofia,Female,95
Hazel,Female,85
Fiona,Male,86
Yara,Male,75
Toby,Female,87
Emily,Male,64
Fiona,Male,98
Rachel,Female,81
Jasmine,Female,99
Olive,Female,83
Uma,Male,98
Toby,Female,82
Fiona,Male,88
Kevin,Male,66
Kylie,Male,73
Emily,Male,73
Ella,Male,77
Jasmine,Male,100
Diana,Male,90
Abigail,Male,64
Wendy,Male,78
Zara,Female,62
Una,Male,87
Jack,Male,68
Ivy,Male,75
Violet,Male,83
Alice,Female,90
Kate,Female,73
Nathan,Female,88
Grace,Female,74
Toby,Male,93
Ella,Male,64
Peter,Male,70
Penny,Female,78
Matthew,Male,96
Bella,Female,68
Riley,Female,69
Henry,Male,73
Nolan,Female,72
Penny,Female,89
Olive,Male,74
Felix,Male,100
Yara,Female,73
Una,Female,69
Hannah,Male,72
Mia,Female,97
Olive,Female,89
Kate,Female,71
Benjamin,Male,84
Ethan,Female,68
Nolan,Female,75
Mila,Female,92
Rory,Male,76
Ian,Female,71
David,Male,75
Ivy,Female,85
Luna,Male,81
Riley,Male,82
Uma,Male,77
Grace,Male,88
Chloe,Female,87
Grace,Male,68
Olive,Female,87
Rory,Male,88
Caleb,Male,99
Victor,Female,99
Felix,Female,95
Jasmine,Female,90
Isabel,Male,69
Zane,Male,77
Victor,Female,76
Toby,Male,60
Quinn,Male,86
Zane,Female,67
Luna,Female,78
Bob,Female,71
Frank,Female,72
Mia,Male,73
Caleb,Male,68
Kylie,Female,100
Toby,Male,78
Frank,Male,77
Violet,Male,94
Hazel,Male,71
Quincy,Male,83
Parker,Male,66
Kate,Female,74
Fiona,Male,61
David,Male,74
Rory,Male,97
Gavin,Female,66
Emily,Male,69
Rachel,Male,63
Rory,Male,69
Leo,Male,94
Yvonne,Male,90
David,Female,61
Rory,Male,98
Oscar,Male,74
Kevin,Female,76
Gavin,Female,90
Xander,Male,73
Diana,Male,82
Yvonne,Male,95
Hannah,Female,83
Samuel,Male,97
Henry,Female,89
Bella,Male,86
Una,Female,78
Hannah,Female,82
Daniel,Female,66
Mia,Male,70
Una,Male,61
Gemma,Male,69
Ian,Male,86
Zane,Male,75
Una,Female,77
Alex,Male,79
Mila,Male,79
Samuel,Male,61
Emily,Female,87
Henry,Male,96
David,Male,95
Willow,Male,69
Luna,Female,73
Willow,Male,66
Zara,Male,84
Xander,Female,70
Xander,Male,97
Daniel,Female,65
David,Male,100
Nolan,Male,75
Uma,Female,74
Quincy,Female,81
Chloe,Male,60
Abigail,Male,95
Alex,Male,93
Willow,Male,74
Olive,Male,66
John,Female,84
Charlie,Male,63
Quinn,Female,64
Kate,Male,97
Mia,Male,100
Luna,Male,91
Nora,Female,87
Gemma,Male,63
Hannah,Male,94
Abigail,Female,73
Yara,Female,77
Uma,Male,100
Chloe,Male,70
Samuel,Male,98
Zane,Male,63
Yvonne,Female,87
Nora,Female,75
Chloe,Male,94
Yvonne,Female,96
Samuel,Female,99
Parker,Female,80
Sofia,Female,85
Toby,Female,71
Caleb,Male,77
Alice,Male,65
Kate,Female,79
Parker,Male,67
Grace,Female,64
Fiona,Female,91
Taylor,Female,89
Ian,Female,87
Yara,Female,92
Uma,Male,78
Riley,Male,89
Alice,Male,73
Olive,Male,69
Mia,Male,68
Peter,Male,85
Hannah,Male,93
Xavier,Female,77
Mia,Male,76
Frank,Male,67
Matthew,Female,90
Bob,Male,76
Kate,Female,82
Grace,Male,97
Grace,Female,69
Matthew,Male,72
Yara,Female,84
Zara,Male,82
Charlie,Female,74
Daniel,Male,93
John,Male,64
Frank,Female,65
Bella,Female,72
Nolan,Male,72
Riley,Male,60
Kylie,Male,65
Violet,Female,82
Victor,Female,93
Samuel,Female,61
Nathan,Female,70
Grace,Female,66
Willow,Female,76
Oscar,Male,67
Abigail,Female,87
Ella,Male,98
Frank,Female,80
Peter,Female,78
Leo,Female,66
Luna,Male,98
Hazel,Female,94
Gemma,Male,70
Kylie,Male,99
Kate,Female,100
Mia,Female,100
Mila,Female,87
Daniel,Male,90
Wendy,Male,96
Taylor,Female,94
Frank,Female,85
Kevin,Female,87
Frank,Male,91
Abigail,Male,63
Mia,Female,60
Henry,Female,97
Alex,Female,99
Daniel,Male,72
Alice,Male,80
David,Male,71
Jack,Female,72
Parker,Male,87
Quinn,Female,81
Ethan,Male,72
Kylie,Female,77
Ethan,Male,99
Willow,Male,91
Rachel,Female,89
Fiona,Male,61
John,Female,97
Kylie,Male,60
Hannah,Female,83
Emily,Female,73
Quinn,Male,68
Kylie,Male,80
Xavier,Male,78
Henry,Female,76
Wendy,Female,73
Ella,Male,68
Benjamin,Female,66
Violet,Male,87
Liam,Female,97
Ella,Female,95
Ian,Male,100
Caleb,Female,86
Jasmine,Female,90
Hazel,Female,72
Luna,Male,76
Quinn,Female,83
Bella,Female,68
Nathan,Male,76
Taylor,Female,78
Isabel,Male,70
Rory,Male,75
Bob,Female,98
Daniel,Male,84
Frank,Male,96
Oscar,Male,60
Wendy,Male,63
Ella,Male,86
Taylor,Female,80
Emily,Female,93
Uma,Female,84
Parker,Male,78
Ivy,Male,100
Penny,Female,69
Oscar,Male,68
Ivy,Male,67
Zara,Male,88
Oscar,Female,79
Hazel,Male,82
Daniel,Male,63
Luna,Male,74
Quinn,Male,62
Nora,Male,83
Daniel,Male,84
Nolan,Male,80
Xavier,Male,95
Alice,Female,92
Luna,Male,94
Leo,Male,88
Abigail,Female,97
Grace,Female,96
Penny,Female,78
Rachel,Male,95
Riley,Male,99
Rory,Male,95
Taylor,Female,61
Wendy,Female,89
Liam,Female,80
Liam,Male,97
Hannah,Female,95
Henry,Male,94
Abigail,Male,87
Willow,Female,74
Caleb,Male,90
Victor,Female,87
Charlie,Male,64
Isabel,Female,64
Kate,Male,66
Frank,Female,63
Matthew,Male,99
Matthew,Female,96
Nolan,Female,87
Hazel,Male,73
Kevin,Male,60
Frank,Female,70
Frank,Male,89
Matthew,Female,74
Jasmine,Female,60
Xander,Female,60
John,Male,92
Emily,Female,71
Xander,Female,89
Yvonne,Male,65
Charlie,Male,65
David,Female,90
Liam,Male,78
Nathan,Male,76
Abigail,Female,77
Violet,Male,71
Victor,Female,69
Uma,Female,69
Quincy,Female,86
Fiona,Female,72
Rachel,Female,60
Diana,Female,99
Quinn,Female,88
Liam,Female,73
Taylor,Male,83
Liam,Female,87
Zane,Male,85
Toby,Female,80
Grace,Male,72
Matthew,Female,84
Zara,Female,65
Quinn,Female,94
Xavier,Male,72
David,Female,75
Una,Male,81
Daniel,Female,96
Charlie,Male,72
Frank,Male,94
Peter,Female,65
Jasmine,Male,80
Alex,Female,91
Henry,Female,94
Zara,Female,83
Zara,Female,79
Daniel,Female,81
Diana,Female,66
Liam,Female,64
Parker,Female,69
Diana,Male,84
Quinn,Male,92
Fiona,Female,70
Liam,Male,86
David,Male,87
Luna,Male,76
Henry,Female,94
Daniel,Male,82
Liam,Male,88
Liam,Male,88
Quinn,Female,74
Ivy,Female,97
Leo,Male,85
Hazel,Female,65
Bob,Female,62
Samuel,Male,95
Bella,Female,71
Chloe,Female,73
Mila,Female,95
Isabel,Male,91
Liam,Male,90
Zara,Female,65
Diana,Male,89
Peter,Male,87
David,Female,61
Chloe,Female,100
Gavin,Male,86
Nolan,Female,88
Liam,Male,99
Zane,Male,99
Liam,Male,93
Ian,Female,92
Bob,Female,64
Quinn,Female,60
Bob,Male,71
Quinn,Male,95
Hannah,Male,64
Hannah,Male,86
Sofia,Female,75
Oscar,Female,88
Gemma,Male,76
Xavier,Male,66
Quinn,Female,91
Felix,Female,62
Wendy,Male,77
Mila,Male,61
Felix,Male,92
Peter,Male,93
Zara,Male,98
Mia,Female,64
Toby,Male,90
Kate,Male,64
Victor,Male,75
Parker,Male,81
Mila,Male,98
Bob,Female,70
Yara,Male,76
Fiona,Male,62
Wendy,Female,92
Peter,Female,99
Peter,Male,83
Chloe,Female,61
Benjamin,Female,96
Fiona,Male,85
Gavin,Male,68
Nathan,Female,87
Samuel,Male,60
Uma,Male,95
Diana,Female,86
Sofia,Male,82
Sofia,Female,91
Peter,Male,61
Daniel,Female,89
Emily,Female,63
Chloe,Female,63
Nolan,Male,94
Xander,Female,96
Xander,Male,80
Fiona,Male,65
Penny,Male,84
Olive,Male,79
Violet,Female,97
Rachel,Male,63
Uma,Female,79
Matthew,Male,83
Mila,Female,90
Grace,Male,90
Wendy,Male,85
Ian,Male,67
Oscar,Male,72
Matthew,Male,64
Victor,Male,87
Ian,Male,72
Gemma,Male,70
Quincy,Female,70
Sofia,Male,66
Penny,Male,67
Benjamin,Male,60
Willow,Female,94
Kate,Female,92
Quinn,Female,83
Rachel,Female,60
David,Male,67
Daniel,Male,90
Ella,Male,78
Olive,Female,92
Ivy,Male,62
Henry,Male,98
Zara,Female,72
Mila,Male,60
Rachel,Female,68
Oscar,Male,63
Victor,Male,73
Abigail,Female,86
Peter,Female,63
Rachel,Male,98
Kate,Female,66
Rachel,Male,66
David,Male,80
Daniel,Female,62
Parker,Male,81
Emily,Female,78
Jack,Male,76
Grace,Female,93
Gemma,Female,65
Luna,Male,89
Benjamin,Female,75
Zara,Female,85
Hazel,Female,84
Isabel,Male,96
Ethan,Male,60
Daniel,Female,73
Chloe,Female,72
Ian,Female,66
Gavin,Female,63
Quinn,Female,92
Hazel,Male,95
Henry,Male,73
Mia,Female,71
Gemma,Male,77
Oscar,Female,64
Alice,Female,83
Luna,Female,70
Violet,Male,98
Jack,Male,98
Yara,Male,96
Quinn,Female,89
Fiona,Female,85
Emily,Female,95
Kevin,Male,67
Luna,Male,60
Jasmine,Male,60
Willow,Male,68
Alice,Female,63
Xander,Male,66
Fiona,Female,97
John,Female,67
Yara,Male,73
Willow,Male,78
Mia,Male,77
Kevin,Male,63
Kevin,Male,68
Ella,Female,63
Taylor,Female,71
Matthew,Male,70
Sofia,Male,75
Jasmine,Female,87
Olivia,Male,98
Daniel,Female,95
Zara,Female,78
Ivy,Female,95
Parker,Female,81
Daniel,Male,88
Benjamin,Female,93
David,Male,85
Hannah,Male,70
Zara,Male,61
Benjamin,Male,81
Ethan,Male,85
Victor,Male,70
Nora,Female,73
Daniel,Female,62
Daniel,Female,78
Jack,Male,80
Gavin,Female,67
Yvonne,Male,100
Quinn,Female,81
Mila,Female,97
Nathan,Male,79
Bob,Female,86
Charlie,Male,66
Olive,Male,60
Taylor,Male,68
Ella,Female,81
Nora,Male,97
Xander,Male,63
Abigail,Female,100
Mia,Female,88
Mila,Female,96
Bob,Male,99
Kevin,Female,61
Kate,Male,65
Gemma,Female,87
Chloe,Female,91
Gavin,Male,100
Olive,Male,69
Nolan,Male,67
Violet,Female,95
Kevin,Male,65
Bella,Female,88
John,Female,81
Peter,Male,71
Samuel,Male,63
Daniel,Male,78
Bella,Male,95
Ivy,Female,77
Quincy,Female,87
Charlie,Male,69
Daniel,Male,79
Rachel,Female,67
Jasmine,Female,67
Taylor,Female,97
Quinn,Male,94
Xavier,Male,93
Mia,Female,70
Ethan,Male,65
Olive,Female,88
Uma,Male,92
David,Female,79
Sofia,Male,99
Matthew,Male,90
Quincy,Female,91
Luna,Female,61
Oscar,Female,92
Benjamin,Female,100
Emily,Male,60
Zara,Female,97
Wendy,Male,81
Luna,Female,82
Jasmine,Female,87
Ella,Female,65
Henry,Male,95
Peter,Male,95
Kate,Male,100
Taylor,Female,63
Ethan,Female,88
Samuel,Male,87
Ivy,Male,69
Yvonne,Male,63
