Title;Price;Ajout de carte SD;Appareil photo;Bluetooth;Connecteur;DAS membre;DAS tronc;DAS tête;Date de lancement;Dimensions (LxHxP);Déblocage;Marque;Pastille;Poids;Prise jack;Réseau;Résolution de l'écran;Système d'exploitation;Taille de l'écran;Technologie NFC;Alimentation;Système de déverrouillage;Sim;Année de sortie
iPhone 15 Pro 128 Go titane noir reconditionné;839.9;Non;48 mégapixels;Bluetooth 5.3;USB type C;2,99 W/kg;0,96 W/kg;0,98 W/kg;22 sept. 2023;146,6 x 70,6 x 8,3 mm;Tout opérateur;Apple;Nouveauté;187 g;Non;5G;2 556 x 1 179 pixels;iOS;6,1 pouces;Oui;;;;
iPhone 15 Pro Max 256 Go titane noir reconditionné;999.9;Non;48 mégapixels;Bluetooth 5.3;USB type C;2,98 W/kg;0,98 W/kg;0,98 W/kg;22 sept. 2023;159,9 x 76,7 x 8,3 mm;Tout opérateur;Apple;Nouveauté;221 g;Non;5G;1 290 x 2 796 pixels;iOS;6,7 pouces;Oui;;;;
iPhone 11 64 Go noir reconditionné;229.9;Non;12 mégapixels;Bluetooth 5.0;Apple lightning;3,20 W/kg;0,99 W/kg;0,95 W/kg;19 sept. 2019;150,9 x 75,5 x 8,3 mm;Tout opérateur;Apple;Best seller;194 g;Non;4G;1 792 x 828 pixels;iOS;6,1 pouces;Oui;Recharge sans fil;Face ID;;
iPhone 12 Mini 64 Go vert reconditionné;249.9;Non;12 mégapixels;Bluetooth 5.0;Apple lightning;<4 W/kg;0,99 W/kg;0,99 W/kg;30 sept. 2020;131,5 x 64,2 x 7,4 mm;Tout opérateur;Apple;;135 g;Non;5G;1 080 x 2 340 pixels;iOS;5,4 pouces;Oui;Recharge sans fil, MagSafe;Face ID;;
iPhone 12 64 Go vert reconditionné;299.9;Non;12 mégapixels;Bluetooth 5.0;Apple lightning;3,80 W/kg;0,99 W/kg;0,99 W/kg;30 sept. 2020;146,7 x 71,5 x 7,4 mm;Tout opérateur;Apple;Best seller;164 g;Non;5G;2 532 x 1 170 pixels;iOS;6,1 pouces;Oui;Recharge sans fil, MagSafe;Face ID;;
iPhone 13 128 Go minuit reconditionné;399.9;Non;12 mégapixels;Bluetooth 5.0;Apple lightning;2,98 W/kg;0,98 W/kg;0,97 W/kg;23 sept. 2021;146,7 x 71,5 x 7,4 mm;Tout opérateur;Apple;Best seller;174 g;Non;5G;2 532 x 1 170 pixels;iOS;6,1 pouces;Oui;Recharge sans fil, MagSafe;Face ID;;
Find X3 Lite 128 Go bleu reconditionné;89.9;Non;64 mégapixels;Bluetooth 5.1;USB type C;2,721 W/kg;1,276 W/kg;0,991 W/kg;29 mars 2021;159,1 x 73,4 x 7,9 mm;Tout opérateur;Oppo;Best seller;172 g;Oui;5G;1 080 x 2 400 pixels;Android;6,4 pouces;Oui;;Reconnaissance faciale, Empreintes;;
Google Pixel 7 128 Go noir reconditionné;239.9;Non;50 mégapixels;Bluetooth 5.2;USB type C;3 W/Kg;1,40 W/kg;0,99 W/kg;6 oct. 2022;155,6 x 73,2 x 8,7 mm;Tout opérateur;Google;Best seller;197 g;Non;5G;1 080 x 2 400 pixels;Android;6,3 pouces;Oui;;;;
iPhone 14 Plus 128 Go minuit reconditionné;529.9;Non;12 mégapixels;Bluetooth 5.3;USB type C;2,99 W/kg;0,98 W/kg;0,99 W/kg;7 oct. 2022;160,8 x 78,1 x 7,8 mm;Tout opérateur;Apple;;203 g;Non;5G;2 778 x 1 284 pixels;iOS;6,7 pouces;Oui;MagSafe;Face ID;;
iPhone 14 Pro 128 Go noir sidéral reconditionné;639.9;Non;48 mégapixels;Bluetooth 5.3;Apple lightning;2,98 W/kg;0,98 W/kg;0,98 W/kg;16 sept. 2022;147,5 x 71,5 x 7,85 mm;Tout opérateur;Apple;;206 g;Non;5G;2 556 x 1 179 pixels;iOS;6,1 pouces;Oui;MagSafe;Face ID;;
iPhone 14 Pro Max 128 Go violet intense reconditionné;719.9;Non;48 mégapixels;Bluetooth 5.3;Apple lightning;2,98 W/kg;0,98 W/kg;0,99 W/kg;16 sept. 2022;160,7 x 77,6 x 7,85 mm;Tout opérateur;Apple;;240 g;Non;5G;1 290 x 2 796 pixels;iOS;6,7 pouces;Oui;;;;
iPhone 14 128 Go minuit reconditionné;479.9;Non;12 mégapixels;Bluetooth 5.3;Apple lightning;2,98 W/kg;0,98 W/kg;0,98 W/kg;16 sept. 2022;146,7 x 71,5 x 7,8 mm;Tout opérateur;Apple;;172 g;Non;5G;2 532 x 1 170 pixels;iOS;6,1 pouces;Oui;;;;
Galaxy S23+ (dual sim) 256 Go noir reconditionné;559.9;Non;50 mégapixels;Bluetooth 5.3;USB type C;3,010 W/kg;1,453 W/kg;0,766 W/kg;17 févr. 2023;157,8 x 76,2 x 7,6 mm;Tout opérateur;Samsung;;196 g;Non;5G;1 080 x 2 340 pixels;Android;6,6 pouces;Oui;;;Dual sim;
Galaxy S23 Ultra (dual sim) 256 Go noir reconditionné;709.9;Non;200 mégapixels;Bluetooth 5.3;USB type C;2,950 W/kg;1,398 W/kg;0,963 W/kg;17 févr. 2023;163,4 x 78,1 x 8,9 mm;Tout opérateur;Samsung;;234 g;Non;5G;1 440 x 3 088 pixels;Android;6,8 pouces;Oui;;;Dual sim;
Galaxy Z Fold4 256 Go noir reconditionné;679.9;Non;50 mégapixels;Bluetooth 5.2;USB type C;2,830 W/kg;1,506 W/kg;1,301 W/kg;25 août 2022;155,1 x 130,1 x 6,3 mm;Tout opérateur;Samsung;;263 g;Non;5G;1 812 x 2 716 pixels;Android;7,6 pouces;Oui;;;Dual sim;
Galaxy Z Flip4 128 Go noir reconditionné;339.9;Non;12 mégapixels;Bluetooth 5.2;USB type C;2,75 W/kg;1,198 W/kg;1,151 W/kg;25 août 2022;165,2 x 71,9 x 6,9 mm;Tout opérateur;Samsung;;187 g;Non;5G;2 640 x 1 080 pixels;Android;6,7 pouces;Oui;;;;
iPhone 15 128 Go noir reconditionné;619.9;Non;48 mégapixels;Bluetooth 5.3;USB type C;2,98 W/kg;0,98 W/kg;0,98 W/kg;22 sept. 2023;147,6 x 71,6 x 7,8 mm;Tout opérateur;Apple;Nouveauté;171 g;Non;5G;2 556 x 1 179 pixels;iOS;6,1 pouces;Oui;;;;
iPhone 15 Plus 128 Go noir reconditionné;729.9;Non;48 mégapixels;Bluetooth 5.3;USB type C;2,98 W/kg;0,98 W/kg;0,98 W/kg;22 sept. 2023;160,9 x 77,8 x 7,8 mm;Tout opérateur;Apple;Nouveauté;201 g;Non;5G;1 290 x 2 796 pixels;iOS;6,7 pouces;Oui;;;;
Galaxy S24 (dual sim) 128 Go noir reconditionné;619.9;Non;50 mégapixels;Bluetooth 5.3;USB type C;2,13 W/kg;1,35 W/kg;0,869 W/kg;24 janv. 2024;147 x 70,6 x 7,6 mm;Tout opérateur;Samsung;Nouveauté;168 g;Non;5G;1 080 x 2 340 pixels;Android;6,2 pouces;Oui;;Reconnaissance faciale, Empreintes, Code pin;Dual sim;2024
Galaxy S24+ (dual sim) 256 Go noir reconditionné;709.9;Non;50 mégapixels;Bluetooth 5.3;USB type C;1,92 W/kg;1,245 W/kg;0,744 W/kg;24 janv. 2024;158,5 x 75,9 x 7,7 mm;Tout opérateur;Samsung;Nouveauté;197 g;Non;5G;1 440 x 3 120 pixels;Android;6,7 pouces;Oui;;Reconnaissance faciale, Empreintes, Code pin;Dual sim;2024
Galaxy S24 Ultra (dual sim) 512 Go noir reconditionné;999.9;Non;200 mégapixels;Bluetooth 5.3;USB type C;2,40 W/kg;1,3 W/kg;1,056 W/kg;24 janv. 2024;162,3 x 79 x 8,6 mm;Tout opérateur;Samsung;Nouveauté;233 g;Non;5G;1 440 x 3 120 pixels;Android;6,8 pouces;Oui;;Reconnaissance faciale, Empreintes, Code pin;Dual sim;2024
Galaxy S23 FE (dual sim) 128 Go noir reconditionné;459.9;Non;50 mégapixels;Bluetooth 5.3;USB type C;1,86 W/kg;1,045 W/kg;0,760 W/kg;5 oct. 2023;158 x 76,5 x 8,2 mm;Tout opérateur;Samsung;;209 g;Non;5G;1 080 x 2 340 pixels;Android;6,4 pouces;Oui;;Reconnaissance faciale, Empreintes, Code pin;Dual sim;2023
Galaxy Z Flip5 512 Go vert reconditionné;539.9;Non;12 mégapixels;Bluetooth 5.3;USB type C;1,79 W/kg;1,451 W/kg;0,799 W/kg;11 août 2023;165,1 x 71,9 x 6,9 mm;Tout opérateur;Samsung;Nouveauté;187 g;Non;5G;1 080 x 2 640;Android;6,7 pouces;Oui;;Reconnaissance faciale, Empreintes, Code pin;;2023
P30 lite (dual sim) 128 Go bleu reconditionné;119.9;MicroSDXC;48 mégapixels;Bluetooth 4.2;USB type C;2,34 W/kg;1,10 W/kg;0,7 W/kg;5 avr. 2019;152,9 x 72,7 x 7,4 mm;Tout opérateur;Huawei;;159 g;Oui;4G;2 310 x 1 080 pixels;Android;6,1 pouces;Oui;;Reconnaissance faciale, Empreintes;;
iPhone 12 Pro 128 Go bleu pacifique reconditionné;379.9;Non;12 mégapixels;Bluetooth 5.0;Apple lightning;3,85 W/kg;0,99 W/kg;0,99 W/kg;30 sept. 2020;146,7 x 71,5 x 7,4 mm;Tout opérateur;Apple;;189 g;Non;5G;2 532 x 1 170 pixels;iOS;6,1 pouces;Oui;Recharge sans fil, MagSafe;Face ID;;
iPhone SE 2020 64 Go rouge reconditionné;119.9;Non;12 mégapixels;Bluetooth 5.0;Apple lightning;3,29 W/kg;0,99 W/kg;0,98 W/kg;23 avr. 2020;138,4 x 67,3 x 7,3 mm;Tout opérateur;Apple;;148 g;Non;4G;1 334 x 750 pixels;iOS;4,7 pouces;Oui;Recharge sans fil;Face ID;;
Galaxy S20 FE 5G 128 Go bleu reconditionné;169.9;MicroSDXC;12 mégapixels;Bluetooth 5.0;USB type C;3,110 W/kg;1,335 W/kg;0,503 W/kg;1 oct. 2020;159,8 x 74,5 x 8,4 mm;Tout opérateur;Samsung;;190 g;Non;5G;1 080 x 2 400 pixels;Android;6,5 pouces;Oui;;Reconnaissance faciale, Empreintes;;
iPhone 13 Mini 128 Go minuit reconditionné;394.9;Non;12 mégapixels;Bluetooth 5.0;Apple lightning;2,99 W/kg;0,99 W/kg;0,98 W/kg;23 sept. 2021;131,5 x 64,2 x 7,7 mm;Tout opérateur;Apple;Best seller;141 g;Non;5G;2 340 x 1 080 pixels;iOS;5,4 pouces;Oui;Recharge sans fil, MagSafe;Face ID;;
iPhone 13 Pro 128 Go graphite reconditionné;519.9;Non;12 mégapixels;Bluetooth 5.0;Apple lightning;2,97 W/kg;0,98 W/kg;0,99 W/kg;23 sept. 2021;146,7 x 71,5 x 7,7 mm;Tout opérateur;Apple;;204 g;Non;5G;2 532 x 1 170 pixels;iOS;6,1 pouces;Oui;Recharge sans fil, MagSafe;Face ID;;
iPhone 13 Pro Max 128 Go graphite reconditionné;579.9;Non;12 mégapixels;Bluetooth 5.0;Apple lightning;2,97 W/kg;0,98 W/kg;0,99 W/kg;23 sept. 2021;160,8 x 78,1 x 7,7 mm;Tout opérateur;Apple;;240 g;Non;5G;1 284 x 2 778 pixels;iOS;6,7 pouces;Oui;Recharge sans fil, MagSafe;Face ID;;
Galaxy Z Flip3 128 Go blanc reconditionné;309.9;Non;12 mégapixels;Bluetooth 5.2;USB type C;3,14 W/kg;1,443 W/kg;1,036 W/kg;27 août 2021;166,1 x 72,2 x 8,8 mm;Tout opérateur;Samsung;;183 g;Non;5G;2 640 x 1 080 pixels;Android;6,7 pouces;Oui;;Reconnaissance faciale, Empreintes;;
Redmi Note 10 Pro 64 Go bleu reconditionné;109.9;MicroSDXC;108 mégapixels;Bluetooth 5.1;USB type C;1,972 W/kg;0,994 W/kg;0,597 W/kg;24 mars 2021;164 x 76,5 x 8,1 mm;Tout opérateur;Xiaomi;;193 g;Oui;4G;1 080 x 2 400 pixels;Android;6,67 pouces;Oui;;;;
Redmi Note 10 128 Go noir reconditionné;99.9;MicroSDXC;48 mégapixels;Bluetooth 5.0;USB type C;1,760 W/kg;0,895 W/kg;0,539 W/kg;28 avr. 2021;160,5 x 74,5 x 8,3 mm;Tout opérateur;Xiaomi;;179 g;Oui;5G;1 080 x 2 400 pixels;Android;6,43 pouces;Non;;;;
Redmi Note 11 64 go bleu reconditionné;79.9;MicroSDXC;50 mégapixels;Bluetooth 5.0;USB type C;1,996 W/kg;0,989 W/kg;0,596 W/kg;9 févr. 2022;159,9 x 73,9 x 8,1 mm;Tout opérateur;Xiaomi;;179 g;Oui;4G;1 080 x 2 400 pixels;Android;6,43 pouces;Oui;;;;
iPhone 11 Pro Max 64 Go or reconditionné;319.9;Non;12 mégapixels;Bluetooth 5.0;Apple lightning;3,79 W/kg;0,99 W/kg;0,95 W/kg;19 sept. 2019;158 x 77,8 x 8,1 mm;Tout opérateur;Apple;;226 g;Oui;4G;2 688 x 1 242 pixels;iOS;6,5 pouces;Oui;Recharge sans fil;Face ID;;
Mi 11i 256 Go gris reconditionné;139.9;Non;108 mégapixels;Bluetooth 5.2;USB type C;1,857 W/kg;0,768 W/kg;0,573 W/kg;12 avr. 2021;163,7 x 76,4 x 7,8 mm;Tout opérateur;Xiaomi;;196 g;Non;5G;1 080 x 2 400 pixels;Android;6,7 pouces;Oui;;;;
Mi 10T Lite (dual sim) 64 Go noir reconditionné;84.9;MicroSDHC;64 mégapixels;Bluetooth 5.0;USB type C;1,97 W/kg;0,988 W/kg;0,595 W/kg;30 nov. 2020;165,4 x 76,8 x 9 mm;Tout opérateur;Xiaomi;;214,5 g;Oui;5G;1 080 x 2 400 pixels;Android;6,7 pouces;Oui;;;;
Mi 11 128 Go noir reconditionné;199.9;Non;20 mégapixels;Bluetooth 5.2;USB type C;1,986 W/kg;0,982 W/kg;0,555 W/kg;1 janv. 2021;164,3 x 74,6 x 8,1 mm;Tout opérateur;Xiaomi;;196 g;Non;5G;3 200 x 1 440 pixels;Android;6,8 pouces;Oui;;;;
Google Pixel 7 Pro 128 Go noir reconditionné;329.9;Non;50 mégapixels;Bluetooth 5.2;USB type C;2,99 W/kg;1,38 W/kg;0,98 W/kg;13 oct. 2022;162,9 x 76,6 x 8,9 mm;Tout opérateur;Google;;212 g;Non;5G;1 440 x 3 120 pixels;Android;6,7 pouces;Oui;;;;
Google Pixel 7a 128 Go noir reconditionné;239.9;Non;64 mégapixels;Bluetooth 5.3;USB type C;2,99 W/kg;1,30 W/kg;0,99 W/kg;10 mai 2023;152 x 72,9 x 9 mm;Tout opérateur;Google;;193,5 g;Non;5G;1 080 x 2 400 pixels;Android;6,1 pouces;Oui;;;;
Google Pixel 8 128 Go noir reconditionné;439.9;Non;50 mégapixels;Bluetooth 5.3;USB type C;2,49 W/Kg;1,20 W/kg;0,98 W/kg;12 oct. 2023;150,5 x 70,8 x 8,9 mm;Tout opérateur;Google;Nouveauté;187 g;Non;5G;1 080 x 2 400 pixels;Android;6,2 pouces;Oui;;;;
Galaxy A53 5G (dual sim) 128 Go noir reconditionné;169.9;MicroSDXC;64 mégapixels;Bluetooth 5.1;USB type C;2,87 W/kg;1,597 W/kg;0,885 W/kg;24 mars 2022;159,6 x 74,8 x 8,1 mm;Tout opérateur;Samsung;;189 g;Non;5G;1 080 x 2 400 pixels;Android;6,5 pouces;Oui;;Reconnaissance faciale, Empreintes, Code pin;Dual sim;2022
Galaxy S20 Ultra 5G (dual sim) 128 Go Cosmic black reconditionné;319.9;MicroSDXC;108 mégapixels;Bluetooth 5.0;USB type C;2,03 W/kg;1,557 W/kg;0,660 W/kg;6 mars 2020;166,9 x 76 x 8,8 mm;Tout opérateur;Samsung;;220 g;Non;5G;3 200 x 1 440 pixels;Android;6,9 pouces;Oui;;Reconnaissance faciale, Empreintes;Dual sim;
Galaxy S20+ (dual sim) 128 Go gris reconditionné;229.9;MicroSDXC;64 mégapixels;Bluetooth 5.0;USB type C;2,680 W/kg;1,57 W/Kg;0,376 W/kg;1 mars 2020;161,9 x 73,7 x 7,8 mm;Tout opérateur;Samsung;;186 g;Non;4G;3 120 x 1 440 pixels;Android;6,7 pouces;Oui;;Reconnaissance faciale, Empreintes;Dual sim;
Galaxy S20+ 5G (dual sim) 128 Go bleu reconditionné;259.9;MicroSDXC;12 mégapixels;Bluetooth 5.0;USB type C;2,680 W/kg;1,572 W/kg;1,086 W/kg;1 mars 2020;161,9 x 73,7 x 7,8 mm;Tout opérateur;Samsung;;188 g;Non;5G;3 200 x 1 440 pixels;Android;6,7 pouces;Oui;;Reconnaissance faciale, Empreintes;;
iPhone 12 Pro Max 128 Go graphite reconditionné;449.9;Non;12 mégapixels;Bluetooth 5.0;Apple lightning;<4 W/kg;0,99 W/kg;0,99 W/kg;30 sept. 2020;160,8 x 78,1 x 7,4 mm;Tout opérateur;Apple;;228 g;Non;5G;1 284 x 2 778 pixels;iOS;6,7 pouces;Oui;Recharge sans fil, MagSafe;Face ID;;
Redmi Note 9 64 Go vert reconditionné;89.9;MicroSDXC;48 mégapixels;Bluetooth 5.0;USB type C;2,262 W/kg;1,138 W/kg;0,795 W/kg;12 mai 2020;162,3 x 77,2 x 8,9 mm;Tout opérateur;Xiaomi;;199 g;Oui;4G;1 080 x 2 340 pixels;Android;6,5 pouces;Oui;;Reconnaissance faciale, Empreintes;;
Galaxy S21 5G (dual sim) 128 Go gris reconditionné;269.9;Non;12 mégapixels;Bluetooth 5.0;USB type C;1,910 W/kg;1,509 W/kg;0,456 W/kg;29 janv. 2021;151,7 x 71,2 x 7,9 mm;Tout opérateur;Samsung;Best seller;169 g;Non;5G;1 080 x 2 400 pixels;Android;6,2 pouces;Oui;;Reconnaissance faciale, Empreintes;Dual sim;
Galaxy S20 FE (dual sim) 128 Go bleu reconditionné;179.9;MicroSDXC;12 mégapixels;Bluetooth 5.0;USB type C;2,620 W/kg;1,447 W/kg;0,241 W/kg;2 oct. 2020;159,8 x 74,5 x 8,4 mm;Tout opérateur;Samsung;;190 g;Non;4G;1 080 x 2 400 pixels;Android;6,5 pouces;Oui;Recharge sans fil;Reconnaissance faciale, Empreintes;Dual sim;
Find X3 Pro 256 Go noir reconditionné;259.9;Non;50 mégapixels;Bluetooth 5.2;USB type C;2,713 W/kg;1,221 W/kg;0,881 W/kg;19 mars 2021;163,6 x 74 x 8,3 mm;Tout opérateur;Oppo;;193 g;Non;5G;1 440 x 3 216 pixels;Android;6,7 pouces;Oui;;;;
Google Pixel 6a 128 Go noir reconditionné;169.9;Non;12,2 mégapixels;Bluetooth 5.2;USB type C;2,99 W/kg;1,31 W/kg;0,99 W/kg;11 mai 2022;152,2 x 71,8 x 8,9 mm;Tout opérateur;Google;;178 g;Non;5G;1 080 x 2 400 pixels;Android;6,1 pouces;Oui;;;;
iPhone 11 Pro 64 Go or reconditionné;299.9;Non;12 mégapixels;Bluetooth 5.0;Apple lightning;3,86 W/kg;0,99 W/kg;0,99 W/kg;19 sept. 2019;144 x 71,4 x 8,1 mm;Tout opérateur;Apple;;188 g;Non;4G;2 436 x 1 125 pixels;iOS;5,8 pouces;Oui;Recharge sans fil;Face ID;;
Galaxy A6 (dual sim) 32 Go noir reconditionné;79.9;MicroSDXC;16 mégapixels;Bluetooth 4.2;Micro USB;<4 W/kg;1,386 W/kg;0,487 W/kg;15 juin 2018;149,9 x 70,8 x 7,7 mm;Tout opérateur;Samsung;;159 g;Oui;4G;1 440 x 720 pixels;Android;5,6 pouces;Oui;;Reconnaissance faciale, Empreintes;;
Mate 20 lite (dual sim) 64 Go noir reconditionné;79.9;MicroSDXC;20 mégapixels;Bluetooth 4.2;USB type C;<4 W/kg;1,13 W/kg;0,46 W/kg;1 sept. 2018;158,3 x 75,3 x 7,6 mm;Tout opérateur;Huawei;;174 g;Oui;4G;2 160 x 1 080 pixels;Android;6,3 pouces;Oui;;Reconnaissance faciale, Empreintes;Dual sim;
Mi 10T Pro 5G 128 Go noir reconditionné;159.9;Non;108 mégapixels;Bluetooth 5.1;USB type C;1,978 W/kg;0,996 W/kg;0,574 W/kg;13 oct. 2020;165,1 x 76,4 x 9,3 mm;Tout opérateur;Xiaomi;;218 g;Non;5G;1 080 x 2 400 pixels;Android;6,7 pouces;Oui;;Reconnaissance faciale, Empreintes;;
Redmi Note 9 Pro (dual sim) 64 Go vert reconditionné;99.9;MicroSD;64 mégapixels;Bluetooth 5.0;USB type C;2,070 W/kg;1,021 W/kg;0,662 W/kg;9 juin 2020;165,75 x 76,7 x 8,8 mm;Tout opérateur;Xiaomi;;209 g;Oui;4G;1 080 x 2 400 pixels;Android;6,7 pouces;Oui;;;;
A53s 128 Go noir reconditionné;89.9;MicroSD;13 mégapixels;Bluetooth 5.0;USB type C;2,281 W/kg;1,052 W/kg;0,857 W/kg;21 oct. 2020;163,9 x 75,1 x 8,4 mm;Tout opérateur;Oppo;Best seller;186 g;Oui;4G;1 600 x 720 pixels;Android;6,5 pouces;Oui;;Reconnaissance faciale, Empreintes;;
Galaxy S10 (mono sim) 128 Go blanc reconditionné;169.9;MicroSDXC;16 mégapixels;Bluetooth 5.0;USB type C;2,73 W/kg;1,593 W/kg;0,477 W/kg;15 mars 2019;149,9 x 70,4 x 7,8 mm;Tout opérateur;Samsung;;157 g;Oui;4G;3 120 x 1 440 pixels;Android;6,1 pouces;Oui;Recharge sans fil;Reconnaissance faciale, Empreintes;Mono sim;
Galaxy S20 (dual sim) 128 Go Cloud blue reconditionné;229.9;MicroSDXC;64 mégapixels;Bluetooth 5.0;USB type C;1,79 W/kg;1,525 W/kg;0,279 W/kg;6 mars 2020;151,7 x 69,1 x 7,9 mm;Tout opérateur;Samsung;;163 g;Non;4G;3 200 x 1 440 pixels;Android;6,2 pouces;Oui;;Reconnaissance faciale, Empreintes;Dual sim;
Galaxy S20 5G (dual sim) 128 Go Cosmic gray reconditionné;239.9;MicroSDXC;64 mégapixels;Bluetooth 5.0;USB type C;1,79 W/kg;1,525 W/kg;0,382 W/kg;6 mars 2020;151,7 x 69,1 x 7,9 mm;Tout opérateur;Samsung;;163 g;Non;5G;3 120 x 1 440 pixels;Android;6,2 pouces;Oui;;Reconnaissance faciale, Empreintes;Dual sim;
Galaxy A51 (dual sim) 128 Go noir prismatique reconditionné;119.9;MicroSDXC;48 mégapixels;Bluetooth 5.0;USB type C;2,93 W/kg;1,590 W/kg;0,369 W/kg;16 déc. 2019;158,5 x 73,6 x 7,9 mm;Tout opérateur;Samsung;;172 g;Oui;3G;1 080 x 2 400 pixels;Android;6,5 pouces;Oui;;Reconnaissance faciale, Empreintes;Dual sim;
Galaxy S21 FE 5G (dual sim) 128 Go noir reconditionné;249.9;Non;12 mégapixels;Bluetooth 5.0;USB type C;2,910 W/kg;1,480 W/kg;0,952 W/kg;6 janv. 2022;155,7 x 74,5 x 7,9 mm;Tout opérateur;Samsung;;177 g;Non;5G;1 080 x 2 400 pixels;Android;6,4 pouces;Oui;;Reconnaissance faciale, Empreintes;Dual sim;
Galaxy A41 (dual sim) 64 Go blanc reconditionné;99.9;MicroSDXC;48 mégapixels;Bluetooth 5.0;USB type C;2,46 W/kg;1,500 W/kg;0,587 W/kg;21 mai 2020;149,9 x 69,8 x 7,9 mm;Tout opérateur;Samsung;;152 g;Oui;4G;1 080 x 2 400 pixels;Android;6,1 pouces;Oui;;Reconnaissance faciale, Empreintes;Dual sim;
Galaxy S21 Ultra 5G (dual sim) 128 Go gris reconditionné;349.9;Non;108 mégapixels;Bluetooth 5.2;USB type C;2,560 W/kg;1,580 W/kg;0,714 W/kg;29 janv. 2021;165,1 x 75,6 x 8,9 mm;Tout opérateur;Samsung;;227 g;Non;5G;3 200 x 1 440 pixels;Android;6,8 pouces;Oui;;Reconnaissance faciale, Empreintes;Dual sim;
Galaxy A71 (dual sim) 128 Go noir reconditionné;139.9;MicroSDXC;64 mégapixels;Bluetooth 5.0;USB type C;<4 W/kg;1,562 W/kg;0,512 W/kg;17 janv. 2020;163,6 x 76 x 7,7 mm;Tout opérateur;Samsung;;179 g;Oui;4G;1 080 x 2 400 pixels;Android;6,7 pouces;Oui;;Reconnaissance faciale, Empreintes;Dual sim;
Galaxy Note 20 (mono sim) 256 Go gris reconditionné;339.9;Non;64 mégapixels;Bluetooth 5.0;USB type C;<4 W/kg;1,366 W/kg;0,359 W/kg;21 août 2020;161,6 x 75,2 x 8,3 mm;Tout opérateur;Samsung;;192 g;Non;4G;1 080 x 2 400 pixels;Android;6,7 pouces;Oui;;Reconnaissance faciale, Empreintes;Mono sim;
Galaxy Note 20 Ultra 5G (dual sim) 256 Go noir reconditionné;419.9;MicroSDXC;108 mégapixels;Bluetooth 5.0;USB type C;3,29 W/kg;1,470 W/kg;0,338 W/kg;21 août 2020;164,8 x 77,2 x 8,1 mm;Tout opérateur;Samsung;;208 g;Non;5G;1 440 x 3 088 pixels;Android;6,9 pouces;Oui;;Reconnaissance faciale, Empreintes;Dual sim;
Galaxy Note 20 5G (mono sim) 256 Go gris reconditionné;299.9;Non;64 mégapixels;Bluetooth 5.0;USB type C;2,27 W/kg;1,368 W/kg;0,684 W/kg;5 août 2020;161,6 x 75,2 x 8,3 mm;Tout opérateur;Samsung;;192 g;Non;5G;1 080 x 2 400 pixels;Android;6,7 pouces;Oui;;Reconnaissance faciale, Empreintes;Mono sim;
Galaxy S22+ (dual sim) 128 Go rose reconditionné;339.9;Non;50 mégapixels;Bluetooth 5.2;USB type C;3,08 W/kg;1,399 W/kg;0,573 W/kg;24 févr. 2022;157,4 x 75,8 x 7,6 mm;Tout opérateur;Samsung;;196 g;Non;5G;1 080 x 2 340 pixels;Android;6,6 pouces;Oui;;Reconnaissance faciale, Empreintes;Dual sim;
Galaxy Z Fold3 512 Go noir reconditionné;589.9;Non;12 mégapixels;Bluetooth 5.2;USB type C;3,14 W/kg;1,443 W/kg;1,036 W/kg;17 août 2021;158,2 x 128,1 x 6,4 mm;Tout opérateur;Samsung;;271 g;Non;5G;1 768 x 2 208 pixels;Android;7,6 pouces;Oui;;;;
iPhone 7 32 Go noir de jais reconditionné;89.9;Non;12 mégapixels;Bluetooth 4.2;Apple lightning;<4 W/kg;1,34 W/kg;1,38 W/kg;20 sept. 2016;138,3 x 67,1 x 7,1 mm;Tout opérateur;Apple;;138 g;Non;4G;1 334 x 750 pixels;iOS;4,7 pouces;Oui;;Touch ID;;
iPhone 7 Plus 32 Go noir mat reconditionné;139.9;Non;12 mégapixels;Bluetooth 4.2;Apple lightning;<4 W/kg;1 W/kg;1,24 W/kg;22 sept. 2016;158,2 x 77,9 x 7,3 mm;Tout opérateur;Apple;;188 g;Non;4G;1 920 x 1 080 pixels;iOS;5,5 pouces;Oui;;Touch ID;;
iPhone 8 64 Go rouge reconditionné;99.9;Non;12 mégapixels;Bluetooth 5.0;Apple lightning;<4 W/kg;1,36 W/kg;1,36 W/kg;21 sept. 2017;138,4 x 67,3 x 7,3 mm;Tout opérateur;Apple;;148 g;Non;4G;1 334 x 750 pixels;iOS;4,7 pouces;Oui;Recharge sans fil;Touch ID;;
iPhone 8 Plus 64 Go rouge reconditionné;139.9;Non;12 mégapixels;Bluetooth 5.0;Apple lightning;<4 W/kg;0,99 W/kg;0,99 W/kg;21 sept. 2017;158,4 x 78,1 x 7,5 mm;Tout opérateur;Apple;;202 g;Non;4G;1 920 x 1 080 pixels;iOS;5,5 pouces;Oui;Recharge sans fil;Touch ID;;
iPhone X 64 Go argent reconditionné;189.9;Non;12 mégapixels;Bluetooth 5.0;Apple lightning;<4 W/kg;0,99 W/kg;0,93 W/kg;2 nov. 2017;143,6 x 70,9 x 7,7 mm;Tout opérateur;Apple;;174 g;Non;4G;2 436 x 1 125 pixels;iOS;5,8 pouces;Oui;Recharge sans fil;Face ID;;
Galaxy S9+ (mono sim) 64 Go noir reconditionné;139.9;MicroSDXC;12 mégapixels;Bluetooth 5.0;USB type C;2,85 W/kg;1,35 W/kg;0,294 W/kg;16 mars 2018;158,1 x 73,8 x 8,5 mm;Tout opérateur;Samsung;;189 g;Oui;4G;2 960 x 1 440 pixels;Android;6,2 pouces;Oui;Recharge sans fil;Scanner d'iris, Reconnaissance faciale, Empreintes;Mono sim;
P10 64 Go noir;79.9;MicroSDXC;20,7 mégapixels;Bluetooth 4.2;USB type C;<4 W/kg;0,99 W/kg;0,96 W/kg;15 mars 2017;145,3 x 69,3 x 7 mm;Tout opérateur;Huawei;;145 g;Oui;4G;1 920 x 1 080 pixels;Android;5,1 pouces;Oui;;Empreintes;;
iPhone Xs 64 Go or reconditionné;189.9;Non;12 mégapixels;Bluetooth 5.0;Apple lightning;<4 W/kg;0,99 W/kg;0,99 W/kg;20 sept. 2018;143,6 x 70,9 x 7,7 mm;Tout opérateur;Apple;;177 g;Non;4G;2 436 x 1 125 pixels;iOS;5,8 pouces;Oui;Recharge sans fil;Face ID;;
iPhone Xs Max 256 Go argent reconditionné;239.9;Non;12 mégapixels;Bluetooth 5.1;Apple lightning;<4 W/kg;0,99 W/kg;0,99 W/kg;20 sept. 2018;157,5 x 77,4 x 7,7 mm;Tout opérateur;Apple;;208 g;Non;4G;2 688 x 1 242 pixels;iOS;6,5 pouces;Oui;Recharge sans fil;Face ID;;
iPhone XR 64 Go noir reconditionné;179.9;Non;12 mégapixels;Bluetooth 5.0;Apple lightning;<4 W/kg;0,99 W/kg;0,99 W/kg;25 oct. 2018;150,9 x 72,6 x 7,7 mm;Tout opérateur;Apple;;194 g;Non;4G;1 792 x 828 pixels;iOS;6,1 pouces;Oui;Recharge sans fil;Face ID;;
Galaxy S10+ (mono sim) 128 Go blanc reconditionné;179.9;MicroSDXC;16 mégapixels;Bluetooth 5.1;USB type C;3,25 W/kg;1,582 W/kg;0,516 W/kg;15 mars 2019;157,6 x 74,1 x 7,8 mm;Tout opérateur;Samsung;;175 g;Oui;4G;3 120 x 1 440 pixels;Android;6,4 pouces;Oui;Recharge sans fil;Reconnaissance faciale, Empreintes;Mono sim;
P20 Pro (dual sim) 128 Go noir reconditionné;139.9;Non;40 mégapixels;Bluetooth 4.2;USB type C;<4 W/kg;1,22 W/kg;0,73 W/kg;15 avr. 2018;155 x 73,9 x 7,8 mm;Tout opérateur;Huawei;;180 g;Non;4G;2 160 x 1 080 pixels;Android;6,1 pouces;Oui;;Reconnaissance faciale, Empreintes;;
P20 lite 64 Go bleu;79.9;MicroSDXC;16 mégapixels;Bluetooth 4.2;USB type C;<4 W/kg;1,21 W/kg;0,75 W/kg;15 mars 2018;148,6 x 71,2 x 7,4 mm;Tout opérateur;Huawei;;145 g;Oui;4G;2 160 x 1 080 pixels;Android;5,8 pouces;Oui;;Reconnaissance faciale, Empreintes;;
P30 Pro (dual sim) 128 Go Noir reconditionné;209.9;Nano memory card;40 mégapixels;Bluetooth 5.0;USB type C;3,19 W/kg;0,99 W/kg;0,64 W/kg;5 avr. 2019;158 x 73,4 x 8,4 mm;Tout opérateur;Huawei;;192 g;Oui;4G;2 340 x 1 080 pixels;Android;6,47 pouces;Oui;Recharge sans fil;Reconnaissance faciale, Empreintes;Dual sim;
Galaxy Note 10 (dual sim) 256 Go noir cosmos reconditionné;229.9;Non;12 mégapixels;Bluetooth 5.0;USB type C;2,58 W/kg;1,523 W/kg;0,209 W/kg;23 août 2019;151 x 71,8 x 7,9 mm;Tout opérateur;Samsung;;168 g;Non;4G;2 280 x 1 080 pixels;Android;6,3 pouces;Oui;Recharge sans fil;Reconnaissance faciale, Empreintes;Dual sim;
P20 (dual sim) 128 Go bleu reconditionné;99.9;Non;12 mégapixels;Bluetooth 4.2;USB type C;<4 W/kg;1,26 W/kg;0,76 W/kg;6 avr. 2018;149,1 x 70,8 x 7,7 mm;Tout opérateur;Huawei;;165 g;Oui;4G;2 160 x 1 080 pixels;Android;5,8 pouces;Oui;;Reconnaissance faciale, Empreintes;Dual sim;
P30 (dual sim) 128 Go Nacré reconditionné;179.9;Nano memory card;40 mégapixels;Bluetooth 5.0;USB type C;3,19 W/kg;0,85 W/kg;0,33 W/kg;5 avr. 2019;149,1 x 71,4 x 7,6 mm;Tout opérateur;Huawei;Best seller;165 g;Oui;4G;2 340 x 1 080 pixels;Android;6,1 pouces;Oui;;Reconnaissance faciale, Empreintes;;
Galaxy Note 10+ (dual sim) 256 Go noir cosmos reconditionné;309.9;MicroSDXC;12 mégapixels;Bluetooth 5.0;USB type C;2,21 W/kg;1,404 W/kg;0,187 W/kg;23 août 2019;162,3 x 77,2 x 7,9 mm;Tout opérateur;Samsung;;196 g;Non;4G;3 120 x 1 440 pixels;Android;6,8 pouces;Oui;Recharge sans fil;Reconnaissance faciale;Dual sim;
Galaxy A40 (dual sim) 64 Go noir reconditionné;89.9;MicroSDXC;16 mégapixels;Bluetooth 4.2;USB type C;2,53 W/kg;1,34 W/kg;0,49 W/kg;1 mars 2019;144,3 x 69,1 x 7,9 mm;Tout opérateur;Samsung;Best seller;140 g;Oui;4G;2 340 x 1 080 pixels;Android;5,9 pouces;Oui;;Reconnaissance faciale, Empreintes;;
Galaxy A70 (dual sim) 128 Go noir reconditionné;119.9;MicroSDXC;32 mégapixels;Bluetooth 5.0;USB type C;2,74 W/kg;1,475 W/kg;0,949 W/kg;26 avr. 2019;164,3 x 76,7 x 7,9 mm;Tout opérateur;Samsung;;183 g;Oui;4G;1 080 x 2 400 pixels;Android;6,7 pouces;Oui;;Reconnaissance faciale, Empreintes;Dual sim;
Galaxy S10 lite (dual sim) 128 Go Noir prismatique reconditionné;189.9;MicroSDXC;32 mégapixels;Bluetooth 5.0;USB type C;3,29 W/kg;1,519 W/Kg;0,490 W/Kg;3 févr. 2020;162,5 x 75,6 x 8,1 mm;Tout opérateur;Samsung;;186 g;Non;4G;1 080 x 2 400 pixels;Android;6,7 pouces;Oui;;Reconnaissance faciale;;
Reno2 256 Go Bleu reconditionné;149.9;MicroSDXC;48 mégapixels;Bluetooth 5.0;USB type C;2,24 W/kg;1,28 W/kg;0,89 W/kg;31 août 2019;162,5 x 74,8 x 8,6 mm;Tout opérateur;Oppo;;189 g;Oui;4G;1 080 x 2 400 pixels;Android;6,5 pouces;Oui;;Reconnaissance faciale, Empreintes;;
Galaxy A80 (dual sim) 128 Go noir reconditionné;159.9;Non;48 mégapixels;Bluetooth 5.0;USB type C;2,820 W/kg;1,43 W/kg;0,220 W/kg;1 mai 2019;165,2 x 76,5 x 9,3 mm;Tout opérateur;Samsung;;220 g;Non;4G;1 080 x 2 400 pixels;Android;6,7 pouces;Oui;;Reconnaissance faciale, Empreintes;Dual sim;
Mate 10 Pro (dual sim) 128 Go noir reconditionné;79.9;Non;12 mégapixels;Bluetooth 4.2;USB type C;<4 W/kg;1,28 W/kg;0,87 W/kg;1 nov. 2017;154,2 x 74,5 x 7,9 mm;Tout opérateur;Huawei;;178 g;Non;4G;2 160 x 1 080 pixels;Android;6 pouces;Oui;;Reconnaissance faciale, Empreintes;Dual sim;
Redmi Note 8T 64 Go bleu reconditionné;79.9;MicroSDXC;48 mégapixels;Bluetooth 4.2;USB type C;<4 W/kg;1,30 W/kg;0,74 W/kg;8 nov. 2019;161,1 x 75,4 x 8,6 mm;Tout opérateur;Xiaomi;;200 g;Oui;4G;1 080 x 2 340 pixels;Android;6,3 pouces;Oui;;Reconnaissance faciale, Empreintes;;
Mi Note 10 128 Go noir reconditionné;139.9;Non;108 mégapixels;Bluetooth 5.0;USB type C;<4 W/kg;1,392 W/kg;1,107 W/kg;11 nov. 2019;157,8 x 74,2 x 9,7 mm;Tout opérateur;Xiaomi;;208 g;Oui;4G;1 080 x 2 340 pixels;Android;6,47 pouces;Oui;;Reconnaissance faciale, Empreintes;;
OnePlus 7T 128 Go bleu reconditionné;129.9;Non;48 mégapixels;Bluetooth 5.0;USB type C;<4 W/kg;1,4 W/kg;1,04 W/kg;27 sept. 2019;160,9 x 74,4 x 8,1 mm;Tout opérateur;OnePlus;;190 g;Non;4G;1 080 x 2 400 pixels;Android;6,5 pouces;Oui;;Reconnaissance faciale, Empreintes;;
Galaxy A7 2018 (dual sim) 64 Go noir reconditionné;79.9;MicroSDXC;24 mégapixels;Bluetooth 5.0;Micro USB;<4 W/kg;1,425 W/kg;0,335 W/kg;1 oct. 2018;159,8 x 76,8 x 7,5 mm;Tout opérateur;Samsung;;168 g;Oui;4G;2 220 x 1 080 pixels;Android;6 pouces;Oui;;Reconnaissance faciale, Empreintes;;
Galaxy A20e (dual sim) 32 Go blanc reconditionné;79.9;MicroSDXC;13 mégapixels;Bluetooth 5.0;USB type C;<4 W/kg;1,303 W/kg;0,498 W/kg;1 mai 2019;147,4 x 69,7 x 8,4 mm;Tout opérateur;Samsung;;141 g;Oui;4G;720 x 1 560 pixels;Android;5,8 pouces;Oui;;Reconnaissance faciale, Empreintes;;
Galaxy S21+ 5G (dual sim) 128 Go noir reconditionné;269.9;Non;12 mégapixels;Bluetooth 5.0;USB type C;2,230 W/kg;1,335 W/kg;0,541 W/kg;29 janv. 2021;161,5 x 75,6 x 7,8 mm;Tout opérateur;Samsung;;200 g;Non;5G;1 080 x 2 400 pixels;Android;6,7 pouces;Oui;;Reconnaissance faciale, Empreintes;Dual sim;
Reno2 Z 128 Go noir reconditionné;79.9;MicroSDXC;48 mégapixels;Bluetooth 5.0;USB type C;2,285 W/kg;1,282 W/kg;0,872 W/kg;28 août 2019;162,4 x 75,8 x 8,7 mm;Tout opérateur;Oppo;;195 g;Oui;4G;1 080 x 2 340 pixels;Android;6,5 pouces;Non;;Reconnaissance faciale, Empreintes;;
Find X2 Neo 256 Go noir reconditionné;169.9;Non;48 mégapixels;Bluetooth 5.1;USB type C;2,283 W/kg;1,29 W/kg;0,825 W/kg;20 mai 2020;159,4 x 72,4 x 7,7 mm;Tout opérateur;Oppo;;171 g;Non;5G;1 080 x 2 400 pixels;Android;6,5 pouces;Oui;;Reconnaissance faciale, Empreintes;;
Find X2 Pro 256 Go noir reconditionné;259.9;MicroSDXC;48 mégapixels;Bluetooth 5.1;USB type C;2,46 W/kg;1,149 W/kg;0,83 W/kg;5 mars 2020;165,2 x 74,4 x 8,8 mm;Tout opérateur;Oppo;;217 g;Non;4G;1 440 x 3 168 pixels;Android;6,7 pouces;Oui;Recharge sans fil;Reconnaissance faciale, Empreintes;;
Reno4 Pro 5G 256 Go noir reconditionné;169.9;Non;48 mégapixels;Bluetooth 5.1;USB type C;2,707 W/kg;1,318 W/kg;0,892 W/kg;12 juin 2020;159,6 x 72,5 x 7,6 mm;Tout opérateur;Oppo;;172 g;Non;5G;1 080 x 2 400 pixels;Android;6,55 pouces;Oui;;Reconnaissance faciale, Empreintes;;
Reno4 Pro 256 Go noir reconditionné;229.9;MicroSDXC;48 mégapixels;Bluetooth 5.1;USB type C;<4 W/kg;0,85 W/kg;1,11 W/kg;5 août 2020;160,2 x 73,2 x 7,7 mm;Tout opérateur;Oppo;;161 g;Oui;4G;1 080 x 2 400 pixels;Android;6,5 pouces;Oui;;Reconnaissance faciale, Empreintes;;
Mi 10 5G (mono sim) 128 Go vert reconditionné;169.9;Non;108 mégapixels;Bluetooth 5.1;USB type C;<4 W/kg;0,99 W/kg;0,69 W/kg;14 févr. 2020;162,5 x 74,8 x 8,6 mm;Tout opérateur;Xiaomi;;208 g;Non;5G;2 340 x 1 080 pixels;Android;6,7 pouces;Oui;Recharge sans fil;Reconnaissance faciale, Empreintes;Mono sim;
Find X2 Lite (mono sim) 128 Go noir reconditionné;99.9;Non;48 mégapixels;Bluetooth 5.1;USB type C;2,4 W/kg;1,26 W/kg;0,86 W/kg;20 mai 2020;160,3 x 74,3 x 8 mm;Tout opérateur;Oppo;;180 g;Oui;4G;1 080 x 2 400 pixels;Android;6,4 pouces;Oui;;Reconnaissance faciale, Empreintes;Mono sim;
Galaxy S22 (dual sim) 128 Go bleu reconditionné;319.9;Non;50 mégapixels;Bluetooth 5.2;USB type C;3,08 W/kg;1,399 W/kg;0,573 W/kg;24 févr. 2022;146 x 70,6 x 7,6 mm;Tout opérateur;Samsung;;168 g;Non;5G;2 340 x 1 080 pixels;Android;6,1 pouces;Oui;;Reconnaissance faciale, Empreintes;Dual sim;
Galaxy S22 Ultra (dual sim) 128 Go noir reconditionné;469.9;Non;108 mégapixels;Bluetooth 5.2;USB type C;3,18 W/kg;1,585 W/kg;1,049 W/kg;24 févr. 2022;163,3 x 77,9 x 8,9 mm;Tout opérateur;Samsung;Best seller;228 g;Non;5G;1 440 x 3 088 pixels;Android;6,8 pouces;Oui;;Reconnaissance faciale, Empreintes;Dual sim;
iPhone SE 2022 64 Go rouge reconditionné;194.9;Non;12 mégapixels;Bluetooth 5.0;Apple lightning;2,97 W/kg;0,99 W/kg;0,98 W/kg;17 mars 2022;138,4 x 67,3 x 7,3 mm;Tout opérateur;Apple;;144 g;Non;5G;1 334 x 750 pixels;iOS;4,7 pouces;Oui;Recharge sans fil;Touch ID;;
Google Pixel 5 128 Go noir reconditionné;189.9;Non;12,2 mégapixels;Bluetooth 5.0;USB type C;2,99 W/kg;1,39 W/kg;0,96 W/kg;15 oct. 2020;144,7 x 70,4 x 8 mm;Tout opérateur;Google;;151 g;Non;5G;1 080 x 2 340 pixels;Android;6 pouces;Oui;Recharge sans fil;Empreintes;;
Galaxy A21s (dual sim) 32 Go noir reconditionné;99.9;MicroSD;48 mégapixels;Bluetooth 5.0;USB type C;2,21 W/kg;1,554 W/kg;0,442 W/kg;16 juin 2020;163,7 x 75,4 x 9 mm;Tout opérateur;Samsung;;192 g;Oui;4G;1 600 x 720 pixels;Android;6,5 pouces;Oui;;Reconnaissance faciale, Empreintes;;
Nova 5T (dual sim) 128 Go noir reconditionné;119.9;Non;32 mégapixels;Bluetooth 5.0;USB type C;2,28 W/kg;1,29 W/kg;0,840 W/kg;28 oct. 2019;154,6 x 73,97 x 7,87 mm;Tout opérateur;Huawei;;182 g;Non;4G;2 340 x 1 080 pixels;Android;6,26 pouces;Oui;;Reconnaissance faciale, Empreintes;;
Mate 20 Pro (dual sim) 128 Go bleu reconditionné;199.9;Nano memory card;40 mégapixels;Bluetooth 5.0;USB type C;2,98 W/kg;0,96 W/kg;0,40 W/kg;16 oct. 2018;157,8 x 72,3 x 8,6 mm;Tout opérateur;Huawei;;189 g;Non;4G;3 120 x 1 440 pixels;Android;6,3 pouces;Oui;Recharge sans fil;Reconnaissance faciale, Empreintes;Dual sim;
Mi 10T 128 Go noir reconditionné;109.9;Non;64 mégapixels;Bluetooth 5.1;USB type C;1,978 W/kg;0,996 W/kg;0,574 W/kg;26 oct. 2020;185,3 x 76,6 x 9,33 mm;Tout opérateur;Xiaomi;;210 g;Non;5G;1 080 x 2 400 pixels;Android;6,7 pouces;Oui;;;;
11T Pro 128 Go noir reconditionné;149.9;Non;108 mégapixels;Bluetooth 5.2;USB type C;1,997 W/kg;0,974 W/kg;0,570 W/kg;5 oct. 2021;164,1 x 76,9 x 8,8 mm;Tout opérateur;Xiaomi;;204 g;Non;5G;1 080 x 2 400 pixels;Android;6,67 pouces;Oui;;;;
11T 256 Go noir reconditionné;149.9;Non;108 mégapixels;Bluetooth 5.2;USB type C;1,930 W/kg;0,954 W/kg;0,554 W/kg;5 oct. 2021;164,1 x 76,9 x 8,8 mm;Tout opérateur;Xiaomi;;203 g;Non;5G;1 080 x 2 400 pixels;Android;6,67 pouces;Oui;;;;
Reno6 128 Go noir reconditionné;134.9;MicroSDXC;64 mégapixels;Bluetooth 5.1;USB type C;2,776 W/kg;1,175 W/kg;0,957 W/kg;27 juil. 2021;159,1 x 73,3 x 7,8 mm;Tout opérateur;Oppo;;173 g;Oui;4G;1 080 x 2 400 pixels;Android;6,4 pouces;Oui;;;;
Galaxy S23 (dual sim) 128 Go noir reconditionné;459.9;Non;50 mégapixels;Bluetooth 5.3;USB type C;2,420 W/kg;1,304 W/kg;0,963 W/kg;17 févr. 2023;146,3 x 70,9 x 7,6 mm;Tout opérateur;Samsung;;168 g;Non;5G;1 080 x 2 340 pixels;Android;6,1 pouces;Oui;;;Dual sim;
Mi 11 Lite 128 Go noir reconditionné;129.9;MicroSDXC;20 mégapixels;Bluetooth 5.2;USB type C;1,880 W/kg;0,889 W/kg;0,555 W/kg;16 avr. 2021;160,5 x 75,7 x 6,8 mm;Tout opérateur;Xiaomi;;159 g;Non;5G;1 080 x 2 400 pixels;Android;6,55 pouces;Oui;;;;
11 Lite NE 256 Go noir reconditionné;139.9;MicroSDXC;64 mégapixels;Bluetooth 5.2;USB type C;1,995 W/kg;0,954 W/kg;0,594 W/kg;15 sept. 2021;160,5 x 75,7 x 6,8 mm;Tout opérateur;Xiaomi;;158 g;Non;5G;1 080 x 2 400 pixels;Android;6,55 pouces;Oui;;;;
Reno6 Pro 256 Go bleu reconditionné;179.9;Non;64 mégapixels;Bluetooth 5.2;USB type C;2,711 W/kg;1,181 W/kg;0,808 W/kg;5 juin 2021;160 x 73,1 x 7,6 mm;Tout opérateur;Oppo;;177 g;Non;5G;1 080 x 2 400 pixels;Android;6,55 pouces;Oui;;;;
Google Pixel 6 128 Go noir reconditionné;199.9;Non;50 mégapixels;Bluetooth 5.2;USB type C;2,96 W/kg;1,40 W/kg;0,99 W/kg;19 oct. 2021;158,6 x 74,8 x 8,9 mm;Tout opérateur;Google;;207 g;Non;5G;1 080 x 2 400 pixels;Android;6,4 pouces;Oui;;;;
Google Pixel 6 Pro 128 Go noir reconditionné;249.9;Non;50 mégapixels;Bluetooth 5.2;USB type C;2,96 W/kg;1,40 W/kg;0,99 W/kg;19 oct. 2021;163,9 x 75,9 x 8,9 mm;Tout opérateur;Google;;163 g;Non;5G;1 440 x 3 120 pixels;Android;6,7 pouces;Oui;;;;
Galaxy A52s 5G (dual sim) 128 Go noir reconditionné;149.9;MicroSDXC;64 mégapixels;Bluetooth 5.0;USB type C;2,94 W/kg;0,842 W/kg;0,878 W/kg;1 sept. 2021;159,9 x 75,1 x 8,4 mm;Tout opérateur;Samsung;;189 g;Oui;5G;1 080 x 2 400 pixels;Android;6,5 pouces;Oui;;Reconnaissance faciale, Empreintes, Code pin;Dual sim;2021
Galaxy A33 5G (dual sim) 128 Go noir reconditionné;159.9;MicroSDXC;48 mégapixels;Bluetooth 5.1;USB type C;3,23 W/kg;1,59 W/kg;0,574 W/kg;20 avr. 2022;159,7 x 74 x 8,1 mm;Tout opérateur;Samsung;;186 g;Non;5G;1 080 x 2 400 pixels;Android;6,4 pouces;Oui;;Reconnaissance faciale, Empreintes, Code pin;Dual sim;2022
Redmi Note 11 Pro 5G (dual sim) 128 Go noir reconditionné;119.9;MicroSDXC;108 mégapixels;Bluetooth 5.1;USB type C;1,995 W/kg;0,956 W/kg;0,596 W/kg;11 févr. 2022;164,2 x 76,1 x 8,1 mm;Tout opérateur;Xiaomi;;202 g;Oui;5G;1 080 x 2 400 pixels;Android;6,67 pouces;Oui;;Reconnaissance faciale, Empreintes, Code pin;Dual sim;2022
Galaxy A13 (dual sim) 64 Go noir reconditionné;109.9;MicroSDXC;50 mégapixels;Bluetooth 5.0;USB type C;2,78 W/kg;1,224 W/kg;0,353 W/kg;22 mars 2022;165,1 x 76,4 x 8,8 mm;Tout opérateur;Samsung;;195 g;Oui;4G;1 080 x 2 408 pixels;Android;6,6 pouces;Oui;;Reconnaissance faciale, Empreintes, Code pin;Dual sim;2022
Galaxy A54 (dual sim) 128 Go noir reconditionné;279.9;MicroSDXC;50 mégapixels;Bluetooth 5.3;USB type C;3,15 W/kg;1,338 W/kg;0,693 W/kg;24 mars 2023;158,2 x 76,7 x 8,2 mm;Tout opérateur;Samsung;;202 g;Non;5G;1 080 x 2 340 pixels;Android;6,4 pouces;Oui;;Reconnaissance faciale, Empreintes, Code pin;Dual sim;2023
Galaxy A22 5G (dual sim) 128 Go blanc reconditionné;159.9;MicroSDXC;48 mégapixels;Bluetooth 5.0;USB type C;1,8 W/kg;1,59 W/kg;0,516 W/kg;24 juin 2021;167,2 x 76,4 x 9 mm;Tout opérateur;Samsung;;203 g;Oui;5G;1 080 x 2 400 pixels;Android;6,6 pouces;Oui;;Reconnaissance faciale, Empreintes, Code pin;Dual sim;2021
12T (dual sim) 256 Go noir reconditionné;189.9;Non;108 mégapixels;Bluetooth 5.3;USB type C;1,99 W/kg;0,99 W/kg;0,99 W/kg;6 oct. 2022;163,1 x 75,9 x 8,6 mm;Tout opérateur;Xiaomi;;202 g;Non;5G;1 220 x 2 712 pixels;Android;6,67 pouces;Oui;;Reconnaissance faciale, Empreintes, Code pin;Dual sim;2022
iPhone 16 128 Go noir reconditionné;849.9;Non;48 mégapixels;Bluetooth 5.3;USB type C;1,78 W/kg;1,4 W/kg;1,24 W/kg;;147,6 x 71,6 x 7,8 mm;Tout opérateur;Apple;;170 g;Non;5G;1 179 x 2 556 pixels;iOS;6,1 pouces;Oui;;Reconnaissance faciale, Code pin;;
Galaxy S9 (mono sim) 64 Go noir reconditionné;99.9;MicroSDXC;12 mégapixels;Bluetooth 5.0;USB type C;2,29 W/kg;1,18 W/kg;0,362 W/kg;16 mars 2018;147,7 x 68,7 x 8,5 mm;Tout opérateur;Samsung;;163 g;Oui;4G;2 960 x 1 440 pixels;Android;5,8 pouces;Oui;Recharge sans fil;Scanner d'iris, Reconnaissance faciale, Empreintes;Mono sim;
Galaxy S10e (mono sim) 128 Go noir reconditionné;129.9;MicroSDXC;16 mégapixels;Bluetooth 5.0;USB type C;2,90 W/kg;1,575 W/kg;0,582 W/kg;15 mars 2019;142,2 x 69,9 x 7,9 mm;Tout opérateur;Samsung;Best seller;150 g;Oui;4G;2 280 x 1 080 pixels;Android;5,8 pouces;Oui;Recharge sans fil;Reconnaissance faciale, Empreintes;Mono sim;
P30 Lite (mono sim) 128 Go noir;109.9;MicroSDHC;48 mégapixels;Bluetooth 4.2;USB type C;2,34 W/kg;1,10 W/kg;0,7 W/kg;5 avr. 2019;152,9 x 72,7 x 7,4 mm;Tout opérateur;Huawei;;159 g;Oui;4G;2 310 x 1 080 pixels;Android;6,1 pouces;Oui;;Reconnaissance faciale, Empreintes;;
Galaxy A50 (dual sim) 128 Go noir reconditionné;99.9;MicroSDXC;24 mégapixels;Bluetooth 5.0;USB type C;2,39 W/kg;1,39 W/kg;0,27 W/kg;1 mars 2019;158,5 x 74,7 x 7,7 mm;Tout opérateur;Samsung;;170 g;Oui;4G;2 340 x 1 080 pixels;Android;6,4 pouces;Oui;;Reconnaissance faciale, Empreintes;;
Galaxy A52 (mono sim) 128 Go noir reconditionné;149.9;MicroSDXC;64 mégapixels;Bluetooth 5.0;USB type C;2,03 W/kg;0,844 W/kg;0,348 W/kg;26 mars 2021;159,9 x 75,1 x 8,4 mm;Tout opérateur;Samsung;;189 g;Oui;4G;1 080 x 2 400 pixels;Android;6,5 pouces;Oui;;Reconnaissance faciale, Empreintes, Code pin;Mono sim;2021
Galaxy A52 5G (mono sim) 128 Go noir reconditionné;199.9;MicroSDXC;64 mégapixels;Bluetooth 5.0;USB type C;2,7 W/kg;1,420 W/kg;1,055 W/kg;19 mars 2021;159,9 x 75,1 x 8,4 mm;Tout opérateur;Samsung;;189 g;Oui;5G;1 080 x 2 400 pixels;Android;6,5 pouces;Oui;;Reconnaissance faciale, Empreintes, Code pin;Mono sim;2021
P40 Pro 128 Go noir reconditionné;329.9;Nano memory card;50 mégapixels;Bluetooth 5.1;USB type C;<4 W/kg;0,99 W/kg;0,48 W/kg;7 avr. 2020;158,2 x 72,6 x 9 mm;Tout opérateur;Huawei;;209 g;Non;4G;1 200 x 2 640 pixels;Android;6,5 pouces;Oui;Recharge sans fil;Reconnaissance faciale, Empreintes;;
P40 lite 128 Go noir reconditionné;119.9;Nano memory card;48 mégapixels;Bluetooth 5.0;USB type C;<4 W/kg;1,149 W/kg;0,85 W/kg;2 mars 2020;159,2 x 76,3 x 8,7 mm;Tout opérateur;Huawei;;183 g;Oui;4G;2 310 x 1 080 pixels;Android;6,4 pouces;Oui;;Reconnaissance faciale, Empreintes;;
P40 128 Go noir reconditionné;229.9;Nano memory card;50 mégapixels;Bluetooth 5.1;USB type C;<4 W/kg;1,29 W/kg;0,49 W/kg;20 mars 2020;148,9 x 71,1 x 8,5 mm;Tout opérateur;Huawei;;175 g;Non;4G;2 340 x 1 080 pixels;Android;6,1 pouces;Oui;;Reconnaissance faciale, Empreintes;;
Galaxy S10 5G (mono sim) 256 Go noir reconditionné;189.9;Non;16 mégapixels;Bluetooth 5.0;USB type C;<4 W/kg;1,551 W/kg;0,26 W/kg;1 avr. 2019;162,6 x 77,1 x 7,9 mm;Tout opérateur;Samsung;;198 g;Oui;5G;1 440 x 3 040 pixels;Android;6,7 pouces;Oui;;Reconnaissance faciale, Empreintes;Mono sim;
Galaxy S6 Edge Plus 32 Go noir;89.9;Non;16 mégapixels;Bluetooth 4.1;Micro USB;<4 W/kg;0,58 W/kg;0,216 W/kg;4 sept. 2015;154 x 75,8 x 6,9 mm;Tout opérateur;Samsung;;153 g;Oui;4G;2 560 x 1 440 pixels;Android;5,7 pouces;Oui;Recharge sans fil;Empreintes;;
Galaxy S7 32 Go noir;84.9;MicroSDXC;12 mégapixels;Bluetooth 4.2;Micro USB;<4 W/kg;1,48 W/kg;0,406 W/kg;11 mars 2016;142,4 x 69,6 x 7,9 mm;Tout opérateur;Samsung;;152 g;Oui;4G;2 560 x 1 440 pixels;Android;5,1 pouces;Oui;Recharge sans fil;Empreintes;;
Galaxy S7 Edge 32 Go noir;114.9;MicroSDXC;12 mégapixels;Bluetooth 4.2;Micro USB;<4 W/kg;1,43 W/kg;0,264 W/kg;11 mars 2016;150,9 x 72,6 x 7,7 mm;Tout opérateur;Samsung;;157 g;Oui;4G;2 560 x 1 440 pixels;Android;5,5 pouces;Oui;Recharge sans fil;Empreintes;;
iPhone SE 16 Go or reconditionné;64.9;Non;12 mégapixels;Bluetooth 4.2;Apple lightning;<4 W/kg;0,97 W/kg;0,72 W/kg;30 mars 2016;123,8 x 58,6 x 7,6 mm;Tout opérateur;Apple;;113 g;Oui;4G;1 136 x 640 pixels;iOS;4 pouces;Oui;;Touch ID;;
Galaxy A5 (2015) 16 Go noir;99.9;MicroSD;13 mégapixels;Bluetooth 4.1;Micro USB;<4 W/kg;0,259 W/kg;0,247 W/kg;1 janv. 2015;144,8 x 71 x 7,3 mm;Tout opérateur;Samsung;;155 g;Oui;4G;1 920 x 1 080 pixels;Android;5,2 pouces;Oui;;Empreintes;;
Galaxy S8 64 Go noir;109.9;MicroSDXC;12 mégapixels;Bluetooth 5.0;USB type C;<4 W/kg;1,27 W/kg;0,315 W/kg;15 avr. 2017;148,9 x 68,1 x 8 mm;Tout opérateur;Samsung;;155 g;Oui;4G;2 960 x 1 440 pixels;Android;5,8 pouces;Oui;Recharge sans fil;Scanner d'iris, Reconnaissance faciale, Empreintes;;
Galaxy S8 64 Go noir;109.9;MicroSDXC;12 mégapixels;Bluetooth 5.0;USB type C;<4 W/kg;1,27 W/kg;0,315 W/kg;15 avr. 2017;148,9 x 68,1 x 8 mm;Tout opérateur;Samsung;;155 g;Oui;4G;2 960 x 1 440 pixels;Android;5,8 pouces;Oui;Recharge sans fil;Scanner d'iris, Reconnaissance faciale, Empreintes;;
Galaxy S8+ 64 Go noir;124.9;MicroSDXC;12 mégapixels;Bluetooth 5.0;USB type C;<4 W/kg;1 W/kg;0,26 W/kg;15 avr. 2017;159,5 x 73,4 x 8,1 mm;Tout opérateur;Samsung;;173 g;Oui;4G;2 960 x 1 440 pixels;Android;6,2 pouces;Oui;Recharge sans fil;Scanner d'iris, Reconnaissance faciale, Empreintes;;
P9 32 Go bleu;119.9;MicroSDXC;12 mégapixels;Bluetooth 4.2;USB type C;<4 W/kg;0,55 W/kg;1,43 W/kg;29 avr. 2016;145 x 70,9 x 7 mm;Tout opérateur;Huawei;;144 g;Oui;4G;1 920 x 1 080 pixels;Android;5,2 pouces;Oui;;Reconnaissance faciale;;
P8 lite 16 Go noir;69.9;MicroSD;13 mégapixels;Bluetooth 4.1;Micro USB;<4 W/kg;0,473 W/kg;1,72 W/kg;1 mai 2015;143 x 70,6 x 7,7 mm;Tout opérateur;Huawei;;131 g;Oui;4G;1 280 x 720 pixels;Android;5 pouces;Oui;;Empreintes;;
Galaxy Note 8 64 Go noir reconditionné;139.9;MicroSDXC;12 mégapixels;Bluetooth 5.0;USB type C;<4 W/kg;1,29 W/kg;0,173 W/kg;15 sept. 2017;162,5 x 74,8 x 8,6 mm;Tout opérateur;Samsung;;195 g;Oui;4G;2 960 x 1 440 pixels;Android;6,3 pouces;Oui;Recharge sans fil;Scanner d'iris, Reconnaissance faciale, Empreintes;;
Xperia XZ 32 Go noir;89.9;MicroSD;13 mégapixels;Bluetooth 4.2;USB type C;<4 W/kg;1,20 W/kg;0,85 W/kg;15 sept. 2016;146 x 72 x 8,1 mm;Tout opérateur;Sony;;161 g;Oui;4G;1 920 x 1 080 pixels;Android;5,2 pouces;Oui;;Empreintes;;
Galaxy A5 (2016) 16 Go noir;109.9;MicroSD;13 mégapixels;Bluetooth 4.1;Micro USB;<4 W/kg;0,475 W/kg;0,286 W/kg;23 janv. 2016;144,8 x 71 x 7,3 mm;Tout opérateur;Samsung;;155 g;Oui;4G;1 920 x 1 080 pixels;Android;5,2 pouces;Oui;;Code pin;;
Galaxy A500FU 16 Go noir;64.9;MicroSD;13 mégapixels;Bluetooth 4.1;Micro USB;<4 W/kg;0,259 W/kg;0,247 W/kg;1 juil. 2015;144,8 x 71 x 7,3 mm;Tout opérateur;Samsung;;155 g;Oui;4G;1 920 x 1 080 pixels;Android;5,2 pouces;Oui;;Empreintes;;
P9 lite 16 Go noir;104.9;MicroSDHC;13 mégapixels;Bluetooth 4.1;Micro USB;<4 W/kg;1,59 W/kg;1,38 W/kg;7 avr. 2016;146,8 x 72,6 x 7,5 mm;Tout opérateur;Huawei;;147 g;Oui;4G;1 920 x 1 080 pixels;Android;5,2 pouces;Non;;Empreintes;;
P8 lite (2017) 16 Go noir;79.9;MicroSD;13 mégapixels;Bluetooth 4.1;Micro USB;<4 W/kg;0,93 W/kg;0,36 W/kg;31 janv. 2017;143 x 70,6 x 7,7 mm;Tout opérateur;Huawei;;131 g;Oui;4G;1 280 x 720 pixels;Android;5 pouces;Oui;;Empreintes;;
P10 lite 32 Go noir;104.9;MicroSDXC;12 mégapixels;Bluetooth 4.1;Micro USB;<4 W/kg;0,91 W/kg;0,89 W/kg;31 mars 2017;146,5 x 72 x 7,2 mm;Tout opérateur;Huawei;;146 g;Oui;4G;1 920 x 1 080 pixels;Android;5,2 pouces;Oui;;Empreintes;;
Galaxy A5 (2017) 32 Go noir;79.9;MicroSD;16 mégapixels;Bluetooth 4.2;USB type C;<4 W/kg;1,390 W/kg;0,522 W/kg;15 févr. 2017;146,1 x 71,4 x 7,9 mm;Tout opérateur;Samsung;;163 g;Oui;4G;1 920 x 1 080 pixels;Android;5,2 pouces;Oui;;Empreintes;;
Galaxy J3 (2016) 8 Go noir;74.9;MicroSD;8 mégapixels;Bluetooth 4.1;Micro USB;<4 W/kg;1,27 W/kg;0,477 W/kg;1 janv. 2016;142,3 x 71 x 7,9 mm;Tout opérateur;Samsung;;138 g;Oui;4G;1 280 x 720 pixels;Android;5 pouces;Oui;;Code pin;;
Galaxy S10+ Edition Performance (mono sim) 512 Go noir reconditionné;299.9;MicroSDXC;16 mégapixels;Bluetooth 5.1;USB type C;3,25 W/kg;1,582 W/kg;0,516 W/kg;8 mars 2019;157,6 x 74,1 x 7,8 mm;Tout opérateur;Samsung;;175 g;Oui;4G;3 120 x 1 440 pixels;Android;6,4 pouces;Oui;Recharge sans fil;Reconnaissance faciale, Empreintes;Mono sim;
Honor 8 32 Go noir;69.9;MicroSDHC;12 mégapixels;Bluetooth 4.2;USB type C;<4 W/kg;1,69 W/kg;1,5 W/kg;15 août 2016;145,5 x 71 x 7,45 mm;Tout opérateur;Honor;;153 g;Oui;4G;1 920 x 1 080 pixels;Android;5,2 pouces;Oui;;Empreintes;;
Honor 9 64 Go noir;79.9;MicroSDXC;20 mégapixels;Bluetooth 4.2;USB type C;<4 W/kg;1,26 W/kg;1,26 W/kg;1 juin 2017;147,3 x 70,9 x 7,45 mm;Tout opérateur;Honor;;155 g;Oui;4G;1 920 x 1 080 pixels;Android;5,1 pouces;Oui;;Empreintes;;
Mate 20 128 Go noir;214.9;Nano memory card;16 mégapixels;Bluetooth 5.0;USB type C;2,57 W/kg;1,84 W/kg;0,44 W/kg;15 oct. 2018;158,2 x 77.2 x 8,3 mm;Tout opérateur;Huawei;;188 g;Oui;4G;2 244 x 1 080 pixels;Android;6,5 pouces;Oui;Recharge sans fil;Reconnaissance faciale, Empreintes;;
Xperia XZ3 64 Go noir;89.9;MicroSDXC;19 mégapixels;Bluetooth 5.0;USB type C;<4 W/kg;1,070 W/kg;0,868 W/kg;5 oct. 2018;158 x 73 x 9,9 mm;Tout opérateur;Sony;;193 g;Non;4G;2 880 x 1 440 pixels;Android;6 pouces;Oui;;Empreintes;;
P30 (mono sim) 128 Go Noir;159.9;Nano memory card;40 mégapixels;Bluetooth 5.0;USB type C;3,19 W/kg;0,85 W/kg;0,33 W/kg;5 avr. 2019;149,1 x 71,4 x 7,6 mm;Tout opérateur;Huawei;;165 g;Oui;4G;2 340 x 1 080 pixels;Android;6,1 pouces;Oui;;Reconnaissance faciale, Empreintes;;
Galaxy J7 (2016) 16 Go noir;99.9;MicroSD;13 mégapixels;Bluetooth 4.1;Micro USB;<4 W/kg;1,390 W/kg;0,349 W/kg;1 avr. 2016;151,7 x 76 x 7,8 mm;Tout opérateur;Samsung;;170 g;Oui;4G;1 280 x 720 pixels;Android;5,5 pouces;Oui;;Code pin;;
Galaxy A3 (2017) 16 Go noir;59.9;MicroSD;13 mégapixels;Bluetooth 4.2;USB type C;<4 W/kg;1,38 W/kg;0,349 W/kg;15 févr. 2017;135,4 x 66,2 x 7,9 mm;Tout opérateur;Samsung;;132 g;Oui;4G;1 280 x 720 pixels;Android;4,7 pouces;Oui;;Code pin;;
Galaxy J3 (2017) 16 Go noir;59.9;MicroSD;13 mégapixels;Bluetooth 4.1;Micro USB;<4 W/kg;1,32 W/kg;0,658 W/kg;15 août 2017;151,7 x 76 x 7,8 mm;Tout opérateur;Samsung;;170 g;Oui;4G;1 280 x 720 pixels;Android;5,5 pouces;Oui;;Code pin;;
iPhone 6 16 Go or reconditionné;64.9;Non;8 mégapixels;Bluetooth 4.0;Apple lightning;<4 W/kg;0,98 W/kg;0,972 W/kg;18 sept. 2014;138,1 x 67 x 6,9 mm;Tout opérateur;Apple;;129 g;Oui;4G;1 334 x 750 pixels;iOS;4,7 pouces;Oui;;Touch ID;;
iPhone 6 Plus 16 Go or reconditionné;79.9;Non;8 mégapixels;Bluetooth 4.0;Apple lightning;<4 W/kg;0,99 W/kg;0,907 W/kg;18 sept. 2014;158,1 x 78 x 7,1 mm;Tout opérateur;Apple;;172 g;Oui;4G;1 920 x 1 080 pixels;iOS;5,5 pouces;Oui;;Touch ID;;
iPhone 5 16 Go gris sidéral;69.9;Non;8 mégapixels;Bluetooth 4.0;Apple lightning;<4 W/kg;0,95 W/kg;0,901 W/kg;21 sept. 2012;124 x 58,6 x 7,6 mm;Tout opérateur;Apple;;112 g;Oui;4G;1 136 x 640 pixels;iOS;4 pouces;Non;;Touch ID;;
iPhone 5S 16 Go or;79.9;Non;8 mégapixels;Bluetooth 4.0;Apple lightning;<4 W/kg;0,97 W/kg;0,979 W/kg;20 sept. 2013;124 x 58,6 x 7,6 mm;Tout opérateur;Apple;;112 g;Oui;4G;1 136 x 640 pixels;iOS;4 pouces;Non;;Touch ID;;
Galaxy S5 mini 16 Go noir;79.9;MicroSD;8 mégapixels;Bluetooth 4.0;Micro USB;<4 W/kg;0,556 W/kg;0,968 W/kg;1 juil. 2014;131 x 64,8 x 9,1 mm;Tout opérateur;Samsung;;120 g;Oui;4G;1 280 x 720 pixels;Android;4,5 pouces;Oui;;Empreintes;;
Galaxy Alpha 32 Go noir;89.9;Non;12 mégapixels;Bluetooth 4.0;Micro USB;<4 W/kg;0,506 W/kg;0,400 W/kg;13 août 2014;132 x 65,5 x 6,7 mm;Tout opérateur;Samsung;;115 g;Oui;4G;1 280 x 720 pixels;Android;4,7 pouces;Oui;;Empreintes;;
Galaxy S6 32 Go noir;64.9;Non;16 mégapixels;Bluetooth 4.1;Micro USB;<4 W/kg;0,499 W/kg;0,382 W/kg;20 mars 2015;143 x 70,5 x 6,8 mm;Tout opérateur;Samsung;;138 g;Oui;4G;2 560 x 1 440 pixels;Android;5,1 pouces;Oui;Recharge sans fil;Empreintes;;
Galaxy S6 Edge 32 Go noir;79.9;Non;16 mégapixels;Bluetooth 4.1;Micro USB;<4 W/kg;0,594 W/kg;0,473 W/kg;18 mars 2015;142 x 70,1 x 7 mm;Tout opérateur;Samsung;;132 g;Oui;4G;2 560 x 1 440 pixels;Android;5,1 pouces;Oui;Recharge sans fil;Empreintes;;
Galaxy Note 4 32 Go noir;69.9;MicroSDHC;16 mégapixels;Bluetooth 4.1;Micro USB;<4 W/kg;0,382  W/kg;0,366  W/kg;16 oct. 2014;153 x 78,6 x 8,5 mm;Tout opérateur;Samsung;;176 g;Oui;4G;2 560 x 1 440 pixels;Android;5,7 pouces;Oui;;Empreintes;;
iPhone 6S 16 Go or reconditionné;49.9;Non;12 mégapixels;Bluetooth 4.2;Apple lightning;<4 W/kg;0,98 W/kg;0,87 W/kg;24 sept. 2015;138,3 x 67 x 7,1 mm;Tout opérateur;Apple;;143 g;Oui;4G;1 334 x 750 pixels;iOS;4,7 pouces;Oui;;Touch ID;;
iPhone 6S Plus 16 Go or reconditionné;99.9;Non;12 mégapixels;Bluetooth 4.2;Apple lightning;<4 W/kg;0,98 W/kg;0,93 W/kg;20 sept. 2015;158,2 x 78 x 7,3 mm;Tout opérateur;Apple;;192 g;Oui;4G;1 920 x 1 080 pixels;iOS;5,5 pouces;Oui;;Touch ID;;
Galaxy A10 (dual sim) 32 Go noir reconditionné;79.9;MicroSDXC;13 mégapixels;Bluetooth 5.0;Micro USB;2,90 W/kg;1,551 W/kg;0,379 W/kg;1 mai 2019;155,6 x 75,6 x 7,9 mm;Tout opérateur;Samsung;;168 g;Oui;4G;1 520 x 720 pixels;Android;6,2 pouces;Oui;;Reconnaissance faciale, Empreintes;;
Galaxy J7 2017 (dual sim) 16 Go noir;69.9;MicroSD;13 mégapixels;Bluetooth 4.2;Micro USB;<4 W/kg;1,33 W/kg;0,567 W/kg;15 juil. 2017;152,4 x 74,7 x 7,9 mm;Tout opérateur;Samsung;;181 g;Oui;4G;1 920 x 1 080 pixels;Android;5,5 pouces;Oui;;Reconnaissance faciale, Empreintes;;
Galaxy Z Flip 256 Go Mirror black;289.9;Non;12 mégapixels;Bluetooth 5.0;USB type C;3,26 W/kg;1,546 W/kg;0,369 W/kg;14 févr. 2020;167,3 x 73,6 x 6,9 mm;Tout opérateur;Samsung;;183 g;Non;4G;1 080 x 2 636 pixels;Android;6,5 pouces;Oui;Recharge sans fil;Reconnaissance faciale, Empreintes;;
Galaxy Note 10 Lite (dual sim) 128 Go Noir cosmos reconditionné;159.9;MicroSD;12 mégapixels;Bluetooth 5.0;USB type C;2,40 W/kg;1,077 W/kg;0,291 W/kg;20 janv. 2020;163,7 x 76,1 x 8,7 mm;Tout opérateur;Samsung;;199 g;Oui;4G;1 080 x 2 400 pixels;Android;6,7 pouces;Oui;Recharge sans fil;Reconnaissance faciale;;
Galaxy A3 (2016) 16 Go noir;44.9;MicroSD;13 mégapixels;Bluetooth 4.1;Micro USB;<4 W/kg;0,524 W/kg;0,621 W/kg;1 déc. 2015;134,5 x 65,2 x 7,3 mm;Tout opérateur;Samsung;;132 g;Oui;4G;1 280 x 720 pixels;Android;4,7 pouces;Oui;;Empreintes;;
Galaxy S4 16 Go noir;79.9;MicroSDHC;13 mégapixels;Bluetooth 4.0;Micro USB;<4 W/kg;0,399 W/kg;0,285 W/kg;4 févr. 2020;137 x 69,8 x 7,9 mm;Tout opérateur;Samsung;;130 g;Oui;4G;1 920 x 1 080 pixels;Android;5 pouces;Oui;;Code pin;;
Xperia Z3 compact 16 Go noir;89.9;MicroSD;20,7 mégapixels;Bluetooth 4.0;Micro USB;<4 W/kg;0,897 W/Kg;0,687 W/Kg;1 sept. 2014;127,3 x 65 x 8,6 mm;Tout opérateur;Sony;;129 g;Oui;4G;1 280 x 720 pixels;Android;4,6 pouces;Oui;;Code pin;;
Galaxy Note 10+ 5G 256 Go noir cosmos reconditionné;319.9;MicroSDXC;12 mégapixels;Bluetooth 5.0;USB type C;2,21 W/kg;1,404 W/kg;0,187 W/kg;23 août 2019;162,3 x 77,2 x 7,9 mm;Tout opérateur;Samsung;;192 g;Non;5G;3 120 x 1 440 pixels;Android;6,8 pouces;Oui;;Reconnaissance faciale;;
Galaxy A300FU 16 Go noir;69.9;MicroSDXC;8 mégapixels;Bluetooth 4.0;Micro USB;<4 W/kg;0,554 W/kg;0,390 W/kg;19 janv. 2015;130,1 x 65,5 x 6,9 mm;Tout opérateur;Samsung;;110 g;Oui;3G;960 x 540 pixels;Android;4,5 pouces;Oui;;Code pin;;
Galaxy Note 9 (mono sim) 128 Go noir;179.9;MicroSDXC;12 mégapixels;Bluetooth 5.0;USB type C;2,24 W/kg;1,509 W/kg;0,381 W/kg;24 août 2018;161,9 x 76,4 x 8,8 mm;Tout opérateur;Samsung;;205 g;Oui;4G;2 960 x 1 440 pixels;Android;6,4 pouces;Oui;Recharge sans fil;Scanner d'iris, Reconnaissance faciale, Empreintes;Mono sim;
Mate 10 lite (dual sim) 64 Go noir;129.9;MicroSDXC;16 mégapixels;Bluetooth 4.2;Micro USB;<4 W/kg;1,20 W/kg;1,14 W/kg;1 nov. 2017;156,2 x 75,2 x 7,5 mm;Tout opérateur;Huawei;;164 g;Oui;4G;2 160 x 1 080 pixels;Android;5,9 pouces;Non;;Reconnaissance faciale, Empreintes;;
Galaxy Fold 512 Go noir;614.9;Nano memory card;12 mégapixels;Bluetooth 5.0;USB type C;<4 W/kg;1,58 W/kg;0,49 W/kg;1 sept. 2019;160,9 x 117,9 x 6,9 mm;Tout opérateur;Samsung;;263 g;Non;5G;1 536 x 2 152 pixels;Android;7,3 pouces;Oui;Recharge sans fil;Reconnaissance faciale, Empreintes;;
Find X2 (dual sim) 128 Go noir;179.9;Non;48 mégapixels;Bluetooth 5.1;USB type C;2,46 W/kg;1,149 W/kg;0,89 W/kg;5 mars 2020;164,9 x 74,5 x 8,0 mm;Tout opérateur;Oppo;;209 g;Non;5G;1 440 x 3 168 pixels;Android;6,7 pouces;Oui;;Reconnaissance faciale, Empreintes;;
7T Pro 256 Go bleu reconditionné;159.9;Non;48 mégapixels;Bluetooth 5.0;USB type C;<4 W/kg;1,37 W/kg;1,12 W/kg;12 oct. 2019;162,6 x 75,9 x 8,8 mm;Tout opérateur;OnePlus;;206 g;Non;4G;1 440 x 3 120 pixels;Android;6,67 pouces;Oui;;Reconnaissance faciale, Empreintes;;
P Smart 2019 32 Go noir;74.9;MicroSDXC;13 mégapixels;Bluetooth 4.2;Micro USB;<4 W/kg;1 W/kg;0,83 W/kg;11 janv. 2019;155,2 x 73,4 x 8 mm;Tout opérateur;Huawei;;160 g;Oui;4G;1 080 x 2 340 pixels;Android;6,2 pouces;Oui;;Reconnaissance faciale, Empreintes;;
P Smart 2019 (dual sim) 32 Go noir;74.9;MicroSDXC;13 mégapixels;Bluetooth 4.2;Micro USB;<4 W/kg;1 W/kg;0,83 W/kg;11 janv. 2019;155,2 x 73,4 x 8 mm;Tout opérateur;Huawei;;160 g;Oui;4G;1 080 x 2 340 pixels;Android;6,2 pouces;Oui;;Reconnaissance faciale, Empreintes;;
Galaxy Grand Prime 8 Go noir;59.9;MicroSDXC;8 mégapixels;Bluetooth 4.0;Micro USB;<4 W/kg;0,351 W/kg;0,464 W/kg;1 oct. 2014;144,8 x 72,1 x 8,6 mm;Tout opérateur;Samsung;;156 g;Oui;4G;960 x 540 pixels;Android;5 pouces;Oui;;Code pin;;
iPhone 5C 16 Go vert;69.9;Non;8 mégapixels;Bluetooth 4.0;Apple lightning;<4 W/kg;1 W/kg;0,95 W/kg;20 sept. 2013;124,4 x 59,2 x 9 mm;Tout opérateur;Apple;;132 g;Oui;4G;1 136 x 640 pixels;iOS;4 pouces;Non;;Empreintes;;
Galaxy S5 16 Go noir;59.9;MicroSDXC;16 mégapixels;Bluetooth 4.0;Micro USB;<4 W/kg;0,583 W/kg;0,457 W/kg;31 mars 2014;142 x 72,5 x 8,1 mm;Tout opérateur;Samsung;;145 g;Oui;4G;1 920 x 1 080 pixels;Android;5,1 pouces;Oui;;Empreintes;;
A91 128 Go noir;119.9;MicroSDXC;48 mégapixels;Bluetooth 4.2;USB type C;2 W/kg;1 W/kg;1 W/kg;30 nov. 2019;160,2 x 73,3 x 7,9 mm;Tout opérateur;Oppo;;172 g;Oui;4G;1 080 x 2 400 pixels;Android;6,4 pouces;Non;;Empreintes;;
Reno 256 Go noir;139.9;Non;48 mégapixels;Bluetooth 5.0;USB type C;3,3 W/kg;1,1 W/kg;1,11 W/kg;1 avr. 2019;156,6 x 74,3 x 9 mm;Tout opérateur;Oppo;;185 g;Oui;4G;2 340 x 1 080 pixels;Android;6,4 pouces;Oui;;Empreintes;;
Xperia 5 128 Go noir;219.9;MicroSDXC;12 mégapixels;Bluetooth 5.0;USB type C;<4 W/kg;0,95 W/kg;1,03 W/kg;5 oct. 2019;158 x 68 x 8,2 mm;Tout opérateur;Sony;;164 g;Non;4G;1 080 x 2 520 pixels;Android;6,1 pouces;Oui;;Empreintes;;
Xperia XZ1 64 Go noir;79.9;MicroSDXC;19 mégapixels;Bluetooth 5.0;USB type C;<4 W/kg;1,22 W/kg;0,8 W/kg;18 sept. 2017;148 x 73,4 x 7,4 mm;Tout opérateur;Sony;;155 g;Oui;4G;1 920 x 1 080 pixels;Android;5,2 pouces;Oui;;Empreintes;;
Xperia 10 Plus (mono sim) 64 Go noir;149.9;MicroSDXC;12 mégapixels;Bluetooth 5.0;USB type C;<4 W/kg;1,49 W/kg;0,72 W/kg;27 févr. 2019;167 x 73 x 8,3 mm;Tout opérateur;Sony;;180 g;Oui;4G;1 080 x 2 520 pixels;Android;6,5 pouces;Oui;;Reconnaissance faciale, Empreintes;Mono sim;
Xperia L3 (mono sim) 32 Go noir;74.9;MicroSDXC;13 mégapixels;Bluetooth 5.0;USB type C;<4 W/kg;1,33 W/kg;0,60 W/kg;1 mars 2019;154 x 72 x 8,9 mm;Tout opérateur;Sony;;156 g;Oui;4G;1 440 x 720 pixels;Android;5,7 pouces;Oui;;Reconnaissance faciale, Empreintes;;
Xperia L3 (dual sim) 32 Go noir;84.9;MicroSDXC;13 mégapixels;Bluetooth 5.0;USB type C;<4 W/kg;1,33 W/kg;0,60 W/kg;1 mars 2019;154 x 72 x 8,9 mm;Tout opérateur;Sony;;156 g;Oui;4G;1 440 x 720 pixels;Android;5,7 pouces;Oui;;Reconnaissance faciale, Empreintes;;
Xperia 10 (mono sim) 64 Go noir;89.9;MicroSDXC;13 mégapixels;Bluetooth 5.0;USB type C;<4 W/kg;1,31 W/kg;0,90 W/kg;27 févr. 2019;156 x 68 x 8,4 mm;Tout opérateur;Sony;;162 g;Oui;4G;1 080 x 2 520 pixels;Android;6 pouces;Oui;;Reconnaissance faciale, Empreintes;Mono sim;
Xperia XA2 Ultra 32 Go noir;124.9;MicroSDXC;23 mégapixels;Bluetooth 5.0;USB type C;<4 W/kg;1,12 W/kg;0,41 W/kg;1 févr. 2018;163 x 80 x 9,5 mm;Tout opérateur;Sony;;221 g;Oui;4G;1 920 x 1 080 pixels;Android;6 pouces;Oui;;Empreintes;;
Xperia XA2 32 Go noir;79.9;MicroSDXC;23 mégapixels;Bluetooth 5.0;USB type C;<4 W/kg;1,48 W/kg;1,07 W/kg;1 févr. 2018;142 x 70 x 9,7 mm;Tout opérateur;Sony;;171 g;Oui;4G;1 920 x 1 080 pixels;Android;5,2 pouces;Oui;;Empreintes;;
Galaxy A8 (2018) mono sim 32 Go noir reconditionné;59.9;MicroSDXC;16 mégapixels;Bluetooth 5.0;USB type C;<4 W/kg;1,250 W/kg;0,241 W/kg;31 déc. 2017;149,2 x 70,6 x 8,4 mm;Tout opérateur;Samsung;;172 g;Oui;4G;2 220 x 1 080 pixels;Android;5,6 pouces;Oui;;Reconnaissance faciale, Empreintes;Mono sim;
Galaxy A12 (dual sim) 64 Go noir reconditionné;89.9;MicroSD;48 mégapixels;Bluetooth 5.0;USB type C;2 W/kg;1,377  W/kg;0,613 W/kg;23 nov. 2020;164 x 75,8 x 8,9 mm;Tout opérateur;Samsung;;205 g;Oui;4G;1 600 x 720 pixels;Android;6,5 pouces;Oui;;Empreintes;;
Mate 9 (mono sim) 64 Go noir;94.9;MicroSDXC;12 mégapixels;Bluetooth 4.2;USB type C;<4 W/kg;1,36 W/kg;1,64 W/kg;31 mai 2016;156,9 x 78,9 x 7,9 mm;Tout opérateur;Huawei;;190 g;Oui;4G;1 920 x 1 080 pixels;Android;5,9 pouces;Oui;;Reconnaissance faciale, Empreintes;;
Mate 9 (dual sim) 64 Go noir;104.9;MicroSDXC;20 mégapixels;Bluetooth 4.2;USB type C;<4 W/kg;1,36 W/kg;1,64 W/kg;30 nov. 2016;156,9 x 78,9 x 7,9 mm;Tout opérateur;Huawei;;190 g;Oui;4G;1 920 x 1 080 pixels;Android;5,9 pouces;Oui;;Reconnaissance faciale, Empreintes;;
Galaxy A32 5G (dual sim) 128 Go noir reconditionné;119.9;MicroSDXC;48 mégapixels;Bluetooth 5.1;USB type C;2,70 W/kg;1,081 W/kg;0,333 W/kg;20 janv. 2021;164,2 x 76,1 x 9,1 mm;Tout opérateur;Samsung;;205 g;Oui;5G;720 x 1 600 pixels;Android;6,5 pouces;Oui;;Reconnaissance faciale, Empreintes, Code pin;Dual sim;2022
Galaxy Z Fold6 256 Go bleu reconditionné;1539.9;Non;50 mégapixels;Bluetooth 5.3;USB type C;2,94 W/kg;1,391 W/kg;1,242 W/kg;24 juil. 2024;153,5 x 132,6 x 5,6 mm;Tout opérateur;Samsung;;239 g;Non;5G;1 856 x 2 160 pixels;Android;7,6 pouces;Oui;;Reconnaissance faciale, Empreintes, Code pin;;2024
12 (dual sim) 256 Go noir reconditionné;169.9;Non;50 mégapixels;Bluetooth 5.2;USB type C;1,988 W/kg;0,992 W/Kg;0,989 W/kg;31 déc. 2021;152,7 x 69,9 x 8,2 mm;Tout opérateur;Xiaomi;;179 g;Non;5G;1 080 x 2 400 pixels;Android;6,28 pouces;Oui;;Reconnaissance faciale, Empreintes, Code pin;Dual sim;2021
Google Pixel 9 128 Go noir reconditionné;659.9;Non;50 mégapixels;Bluetooth 5.3;USB type C;2,79 W/kg;1,4 W/kg;0,99 W/kg;;152,8 x 72 x 8,5 mm;Tout opérateur;Google;;198 g;Non;5G;1 080 x 2 424 pixels;Android;6,3 pouces;Oui;;Reconnaissance faciale, Code pin;;
